Equipment_ID,Date,daily_heating_hours,daily_cooling_hours,daily_off_hours,daily_unknown_hours,daily_runtime_hours,daily_fan_on_hours,fan_runtime_ratio,setpoint_change_count,occupied_ping_count,unoccupied_ping_count,indoor_temp_time_weighted_mean,setpoint_time_weighted_mean,outdoor_temp_time_weighted_mean,outdoor_humidity_time_weighted_mean,setpoint_gap_mean,day_of_week,is_weekend,month,month_sin,month_cos,indoor_temp_min,indoor_temp_q25,indoor_temp_median,indoor_temp_q75,indoor_temp_max,indoor_temp_range,indoor_temp_mean,indoor_temp_std,indoor_temp_variance,indoor_temp_iqr,indoor_temp_skewness,indoor_temp_kurtosis_excess,indoor_temp_raw_moment_2,indoor_temp_raw_moment_3,setpoint_min,setpoint_q25,setpoint_median,setpoint_q75,setpoint_max,setpoint_range,setpoint_mean,setpoint_std,setpoint_variance,setpoint_iqr,setpoint_skewness,setpoint_kurtosis_excess,setpoint_raw_moment_2,setpoint_raw_moment_3,outdoor_temp_min,outdoor_temp_q25,outdoor_temp_median,outdoor_temp_q75,outdoor_temp_max,outdoor_temp_range,outdoor_temp_mean,outdoor_temp_std,outdoor_temp_variance,outdoor_temp_iqr,outdoor_temp_skewness,outdoor_temp_kurtosis_excess,outdoor_temp_raw_moment_2,outdoor_temp_raw_moment_3,outdoor_hum_min,outdoor_hum_q25,outdoor_hum_median,outdoor_hum_q75,outdoor_hum_max,outdoor_hum_range,outdoor_hum_mean,outdoor_hum_std,outdoor_hum_variance,outdoor_hum_iqr,outdoor_hum_skewness,outdoor_hum_kurtosis_excess,outdoor_hum_raw_moment_2,outdoor_hum_raw_moment_3,true_outside_min,true_outside_max,true_outside_mean,true_humidity_mean,outdoor_temp_trend_gradient,temp_gradient_mean
timeseries_table_timeseries_table (6),2025-05-09,0.0,0.0,4.8375,5.475833333333333,0.0,0.0,0.0,0,9,0,19.107104155428015,20.56,17.77758310366925,72.99517079858379,1.4528958445719837,4,0,5,0.49999999999999994,-0.8660254037844387,18.86,18.890137499999998,19.077312866505693,19.17624320316362,20.12,1.2600000000000016,19.107104155428015,0.24011310010213283,0.05765430084065686,0.2861057031636207,1.0742410566580711,1.3953110902070138,365.1358804905018,6978.784983443273,20.56,20.56,20.56,20.56,20.56,0.0,20.56,0.0,0.0,0.0,,,422.71359999999993,8690.991615999998,13.573425720620843,15.185877532750927,19.017872847998415,19.664737866594162,19.968645948945614,6.395220228324771,17.77758310366925,2.2760186473476045,5.18026088307402,4.478860333843235,-0.5861107935546832,-1.3872459218104964,321.0932153688635,5880.931267689344,65.55432372505543,68.24555743675839,70.55779321086791,79.1459377005675,82.08536585365854,16.53104212860312,72.99517079858376,5.590652571490708,31.25539617511566,10.900380263809112,0.42952134468820735,-1.336045360305447,5358.768971185155,395688.221363991,12.75,21.14,16.418804347826086,83.6086956521739,0.2256902762224709,2.688299807601929
timeseries_table_timeseries_table (6),2025-05-10,0.0,0.0,13.601666666666667,10.398333333333333,0.0,0.0,0.0,0,23,0,18.599574371271952,20.56,16.618365398492777,57.09875491452796,1.9604256287280464,5,1,5,0.49999999999999994,-0.8660254037844387,17.92,18.21944573901465,18.58,18.991002629848783,19.52,1.5999999999999979,18.599574371271956,0.4907092724463821,0.2407955900648577,0.7715568908341339,0.33449222611749907,-1.191873510330883,346.17665908633217,6447.426555507097,20.56,20.56,20.56,20.56,20.56,0.0,20.56,0.0,0.0,0.0,,,422.7136,8690.991616,10.293392461197339,12.51306180816069,17.42726394479293,20.693657104564025,22.939048672566372,12.645656211369033,16.618365398492777,4.236521548219787,17.948114828530578,8.180595296403334,-0.04067645371425195,-1.5253061177617602,293.90451531267956,5470.554722778149,36.60951327433628,42.792995206709776,56.93751934820061,70.20563132756503,79.85587583148559,43.24636255714931,57.09875491452796,13.166466160041523,173.35583114351857,27.412636120855254,-0.09553535086985755,-1.474779420835245,3431.559884038283,215280.86690367584,9.05,23.14,16.56086956521739,57.26086956521739,0.8466555594447777,2.038704806054561
timeseries_table_timeseries_table (6),2025-05-11,0.0,0.0,16.15,7.85,0.0,0.0,0.0,0,24,0,19.00103583941965,20.560000000000002,20.6564092021623,64.85672654301389,1.5589641605803521,6,1,5,0.49999999999999994,-0.8660254037844387,18.45,18.699355555555556,19.01981072555205,19.23907222548444,19.8,1.3500000000000014,19.001035839419647,0.3453680871113844,0.11927911559497678,0.5397166699288825,0.04446582514637051,-1.1225997908898886,361.1551338772225,6866.723008450087,20.56,20.56,20.56,20.56,20.56,0.0,20.56,0.0,0.0,0.0,,,422.71359999999993,8690.991615999998,14.363608017817374,15.99300039881173,20.320217060584337,25.061107939488146,28.045899441340786,13.682291423523413,20.6564092021623,4.463986502019124,19.927175490208935,9.068107540676415,0.23613504117021697,-1.3994375189341097,446.393003556382,10055.982439347654,51.601117318435755,55.0,59.463409909404774,67.0,95.0,43.398882681564245,64.85672654301389,13.516310222349945,182.6906420268016,12.0,1.1742125396691478,-0.12763112368593443,4387.0557238795645,310863.68962148414,13.04,28.14,20.621827956989247,65.39784946236558,1.082125059383714,-1.6207921175695965
timeseries_table_timeseries_table (6),2025-05-12,0.0,0.0,17.724722222222223,6.275277777777778,0.0,0.0,0.0,0,23,0,20.174664180200146,20.559999999999995,20.287378773347697,82.97974074635857,0.3853358197998489,0,0,5,0.49999999999999994,-0.8660254037844387,18.99,19.53216039707419,20.43547890342643,20.56,20.89,1.9000000000000021,20.174664180200146,0.588427630880431,0.34624707678355676,1.027839602925809,-0.8299470321704384,-0.8808286296749448,407.3569098777309,8231.831881532287,20.56,20.56,20.56,20.56,20.56,0.0,20.560000000000002,3.581249990064246e-15,1.282535149133516e-29,0.0,-0.9762852098805582,-2.031494079113127,422.71359999999993,8690.991615999996,17.36451612903226,18.2,18.79666286252135,22.662391833902095,25.730000000000004,8.365483870967743,20.287378773347697,2.767891812350411,7.661225084876442,4.462391833902096,0.7881292926368144,-0.9585391640633785,419.1659985297277,8828.383862985364,54.0,70.23418445121952,91.99411795367337,93.0,95.0,41.0,82.97974074635856,14.034947771089508,196.97975893721033,22.76581554878048,-0.9187153340450482,-0.8188306212625771,7080.741135565927,617397.5017828052,15.79,26.37,20.23778947368421,83.21052631578948,1.073180599282297,-0.06312529348406315
timeseries_table_timeseries_table (6),2025-05-13,0.0,0.0,14.655833333333334,9.344166666666666,0.0,0.0,0.0,0,23,0,20.49095013845035,20.56,19.376085814907878,83.60501455038289,0.06904986154964732,1,0,5,0.49999999999999994,-0.8660254037844387,20.0,20.33276197836167,20.508574730299912,20.69,21.0,1.0,20.49095013845035,0.22578370771083695,0.050978282667652655,0.35723802163833085,-0.19226316696917387,-0.758026736860625,419.9288020904913,8606.777376725184,20.56,20.56,20.56,20.56,20.56,0.0,20.56,0.0,0.0,0.0,,,422.7135999999999,8690.991615999996,15.492927374301676,16.361296721717608,18.83482569075087,22.695444410943608,25.347866666666665,9.854939292364989,19.376085814907878,3.4457222968580434,11.87300214706467,6.3341476892260005,0.47001665497520945,-1.321775078061972,387.17523110267217,7976.217908964829,55.4460511679644,72.06471084845927,89.64629950591096,95.0,98.0,42.5539488320356,83.60501455038289,14.130711315509686,199.6770022822735,22.93528915154073,-0.7497173892183463,-0.975809840323766,7187.281207479676,631798.4600731758,14.7,26.08,19.34086956521739,83.68478260869566,0.7243420653864152,1.1500805732329624
timeseries_table_timeseries_table (6),2025-05-14,0.0,0.0,15.448055555555555,8.551944444444445,0.0,0.0,0.0,0,22,0,20.448992079967642,20.560000000000002,22.157708942597036,77.87831843013959,0.11100792003236037,2,0,5,0.49999999999999994,-0.8660254037844387,20.11,20.32578611111111,20.460389261744968,20.55217083333333,20.75,0.6400000000000006,20.448992079967642,0.1695370482128572,0.028742810716728667,0.22638472222222106,0.01054032757076307,-0.7312609751568555,418.18935145983755,8552.698972564549,20.56,20.56,20.56,20.56,20.56,0.0,20.56,0.0,0.0,0.0,,,422.7136,8690.991616,15.886833333333335,17.593248841213086,22.51189051096863,26.63122243463342,28.310844444444445,12.42401111111111,22.157708942597033,4.3992679177408425,19.35355821206385,9.037973593420332,-0.04748785065160446,-1.5218292065166117,510.1072590337341,12147.103606266182,58.0,63.484915881844024,76.93302421750806,92.36914074074073,95.67444444444445,37.67444444444445,77.87831843013959,13.389732819528868,179.2849449783685,28.884224858896708,-0.1262987980901626,-1.5250970879811963,6242.368677082651,513463.27495428757,15.13,29.15,22.191595744680853,77.70212765957447,0.43720561802911895,-1.7426036647132115
timeseries_table_timeseries_table (6),2025-05-15,0.0,0.0,11.354722222222222,12.645277777777778,0.0,0.0,0.0,0,19,0,20.32121669819288,20.560000000000006,25.196988977642107,70.88997944455231,0.23878330180712481,3,0,5,0.49999999999999994,-0.8660254037844387,20.08,20.212485140107557,20.32227626647452,20.445918055555556,20.54,0.46000000000000085,20.321216698192888,0.13449001065528163,0.018087562966057763,0.23343291544799882,-0.20063131213850985,-1.3401752902528685,412.9694596693803,8392.757168864347,20.56,20.56,20.56,20.56,20.56,0.0,20.560000000000002,3.599156351650932e-15,1.2953926443629248e-29,0.0,-0.9617860737501197,-2.0506245890861274,422.71359999999993,8690.991616,20.968073089700994,22.819173486549342,25.27,27.330596266695174,29.51,8.541926910299008,25.196988977642107,2.567036023580104,6.589673946357952,4.511422780145832,0.15428426611060692,-1.238443885095975,641.4070707766753,16492.645886598424,60.571111111111115,66.6003574333818,69.82920644553141,75.00000000000001,85.70634037819799,25.135229267086878,70.88997944455231,6.863288053385268,47.104722903740935,8.399642566618212,0.27022623024238157,-0.8348737917679387,5071.987406155976,366247.13907805044,20.9,30.26,25.200833333333335,70.875,0.7244453270085485,-4.879616635140454
timeseries_table_timeseries_table (6),2025-05-16,0.0,0.0,14.438888888888888,9.561111111111112,0.0,0.0,0.0,0,19,0,20.31291931546905,20.560000000000002,25.22826205882842,78.33916668159743,0.24708068453095322,4,0,5,0.49999999999999994,-0.8660254037844387,19.98,20.154219015280137,20.26,20.38309055411982,20.92,0.9400000000000013,20.312919315469046,0.2285371994043269,0.05222925151157307,0.2288715388396838,0.9126140286411041,0.46774355203204543,412.66595315990577,8384.543667530557,20.56,20.56,20.56,20.56,20.56,0.0,20.560000000000002,3.594759091179878e-15,1.2922292923620383e-29,0.0,-0.9653198844313496,-2.0459707950243375,422.7136,8690.991615999996,20.16,24.033697028423774,25.1906692207662,26.68646680224946,28.641395348837207,8.481395348837207,25.22826205882842,1.9458626689178837,3.78638152628823,2.6527697738256855,-0.3534236253967274,0.28741527521380794,640.2133417571665,16337.98388898213,71.0,74.0,77.0,83.0,87.07308970099668,16.073089700996675,78.33916668159745,4.864033015914226,23.658817179903647,9.0,0.05414231674251157,-1.6439968314962714,6160.444875595698,486279.7298699414,20.16,29.05,25.23621052631579,78.30526315789474,1.2973778901313149,-4.923291210846742
timeseries_table_timeseries_table (6),2025-05-17,0.0,0.0,4.7925,19.2075,0.0,0.0,0.0,0,6,0,20.54695687266857,20.560000000000002,21.908111842030102,70.21778488691915,0.013043127331432203,5,1,5,0.49999999999999994,-0.8660254037844387,20.34,20.41205,20.591269444444446,20.63,20.91,0.5700000000000003,20.546956872668574,0.15103737805238635,0.02281228956893948,0.2179499999999983,0.24644670263040544,-0.5055660634893888,422.1996153421609,8675.82954331282,20.56,20.56,20.56,20.56,20.56,0.0,20.560000000000002,3.66205343881779e-15,1.34106353887572e-29,0.0,-0.9130752942544299,-2.1141868512110724,422.7136,8690.991615999998,17.649999999999995,18.810138475831664,20.671385881078294,25.828275239992557,29.230421753607104,11.580421753607109,21.908111842030106,3.883440255214827,15.081108215822999,7.018136764160893,0.5670569911529576,-1.295841811397567,494.82138153132234,11524.747324653807,38.04008908685969,48.234491315136474,74.4331939033824,91.0,94.0,55.95991091314031,70.21778488691915,19.713702825639654,388.6300790976329,42.765508684863526,-0.2892375481138553,-1.4813408432867572,5313.3669445815285,424639.80779101816,16.34,29.25,22.27125,67.53125,1.3263514252492865,-1.7242931273314284
timeseries_table_timeseries_table (6),2025-05-18,0.0,0.0,5.457222222222223,18.54277777777778,0.0,0.0,0.0,0,10,0,20.603549214889206,20.56,21.242903012726323,69.10669033707687,-0.04354921488920738,6,1,5,0.49999999999999994,-0.8660254037844387,20.12,20.466040116467163,20.59960996558104,20.77,21.06,0.9399999999999977,20.603549214889206,0.196701533910214,0.03869149344263107,0.303959883532837,-0.016722934405387663,-0.4160863747676302,424.544071932839,8748.673486548478,20.56,20.56,20.56,20.56,20.56,0.0,20.56,0.0,0.0,0.0,,,422.7135999999999,8690.991616,15.89,17.760218974003855,21.525118968118104,24.084896753257027,26.3,10.41,21.242903012726323,3.3888333549123315,11.484191507366369,6.324677779253172,-0.07831669133176744,-1.3967848297999483,462.62423368907025,10307.212981696091,52.0,56.41572334081503,69.31303182380161,82.0,89.22803114571747,37.228031145717466,69.10669033707687,13.425375037183354,180.24069488902595,25.584276659184972,0.10642907382517659,-1.6184928373948406,4954.078073761145,367266.9239172461,14.65,27.1,21.248958333333334,69.29166666666667,0.7430382858004059,-0.6454091184441282
timeseries_table_timeseries_table (6),2025-05-19,0.0,0.0,5.152222222222222,18.84777777777778,0.0,0.0,0.0,0,9,0,20.581063761328434,20.560000000000002,21.821248417493024,82.5169563844341,-0.02106376132843124,0,0,5,0.49999999999999994,-0.8660254037844387,20.02,20.47706507592191,20.59,20.72,20.98,0.9600000000000009,20.581063761328434,0.17815417217858032,0.03173890906463524,0.2429349240780887,-0.8091540042896677,0.8248155959007963,423.6110666485778,8719.632929208423,20.56,20.56,20.56,20.56,20.56,0.0,20.560000000000002,3.6155984488964594e-15,1.3072552143662483e-29,0.0,-0.948724356160999,-2.0677764565992867,422.71359999999993,8690.991615999998,18.837458379578244,19.395536116473618,20.70873675889278,23.63068618671785,28.226640798226168,9.389182418647923,21.821248417493024,3.1665137221801616,10.026809152755263,4.235150070244231,0.9303866109550717,-0.7085294153092074,486.07432487506884,11068.673916717462,67.36958934517203,78.0,82.9777743916376,89.27390934844193,93.0,25.63041065482797,82.51695638443408,7.429650238947518,55.199702673092915,11.273909348441933,-0.4382711854455112,-0.8184271206532037,6863.590654306156,575184.2419438628,18.01,29.15,21.918645833333333,82.13541666666667,0.42638865107669754,-1.3375820720048992
timeseries_table_timeseries_table (6),2025-05-20,0.0,0.0,4.839722222222222,19.16027777777778,0.0,0.0,0.0,0,6,0,20.51481658701723,20.56,22.06186516274512,87.22358927106093,0.04518341298276951,1,0,5,0.49999999999999994,-0.8660254037844387,20.08,20.358772984441302,20.520305555555556,20.682031558185404,20.99,0.9100000000000001,20.514816587017233,0.18520097242316297,0.034299400186485175,0.32325857374410205,-0.040339169424837985,-0.9937785539108988,420.89111952734413,8635.87507136444,20.56,20.56,20.56,20.56,20.56,0.0,20.56,0.0,0.0,0.0,,,422.7135999999999,8690.991615999998,18.81142538975501,20.340066711943617,21.68172004519774,22.76559861111111,27.11269315673289,8.301267766977883,22.06186516274512,2.2323165782675436,4.983237305608115,2.425531899167492,0.7396673301485701,-0.2656420522060423,491.63691093423887,11071.347784762533,69.22,85.21978229994713,90.86517860165905,92.0,94.35215946843854,25.132159468438545,87.22358927106093,7.584872029436449,57.53028370292739,6.780217700052873,-1.3820907215807998,0.4850829299561279,7664.651036802086,677825.8315143668,18.01,27.92,22.05458333333333,87.23958333333333,0.10423109458283772,-1.5397667463161007
timeseries_table_timeseries_table (6),2025-05-21,0.0,0.39555555555555555,10.941666666666666,12.662777777777778,0.39555555555555555,0.39555555555555555,0.03488998872935758,0,11,0,20.62005757098925,20.559999999999995,20.403251020178306,66.38373249829695,-0.06005757098925457,2,0,5,0.49999999999999994,-0.8660254037844387,20.17,20.484010748689617,20.540459612443435,20.782782478845196,21.09,0.9199999999999982,20.620057570989253,0.19380874542965806,0.03756182980501801,0.298771730155579,0.07357856240088548,-0.5151427842627743,425.2237581864115,8769.664132577489,20.56,20.56,20.56,20.56,20.56,0.0,20.559999999999995,3.629124865193839e-15,1.3170547287168197e-29,0.0,0.9381556349403706,-2.0815972222222223,422.71359999999993,8690.991616,15.59,17.586764308767005,20.0078767688617,23.973918652130486,25.05938121546961,9.46938121546961,20.403251020178306,3.1009925024935634,9.616154500521292,6.3871543433634805,-0.008992134933966354,-1.508282504714708,425.8221746704012,9076.755056126516,35.395089285714285,44.47828616146587,69.68328677697835,89.0,92.97114317425083,57.57605388853654,66.38373249829696,20.494649714056,420.0306669018557,44.52171383853413,-0.036892083859619215,-1.6581848097539655,4823.046547245124,375118.2574946564,15.14,25.16,20.378020833333334,66.67708333333333,-0.3915237295366083,0.2420367376559156
timeseries_table_timeseries_table (6),2025-05-22,0.0,1.1147222222222222,17.355833333333333,5.529444444444445,1.1147222222222222,1.1147222222222222,0.060351309892621885,0,20,0,20.605323610895528,20.56,19.070779236646658,58.92168738644017,-0.0453236108955295,3,0,5,0.49999999999999994,-0.8660254037844387,20.03,20.46,20.65121231155779,20.75,21.03,1.0,20.605323610895528,0.2142060622621574,0.045884237109859255,0.28999999999999915,-0.7160956077799266,0.3383892076355699,424.62463355701055,8751.386656178094,20.56,20.56,20.56,20.56,20.56,0.0,20.559999999999995,3.570086465427649e-15,1.274551737062968e-29,0.0,0.9854722979560853,-2.0193232161372423,422.71359999999993,8690.991615999998,13.614778761061949,15.464171287309082,18.5170077287391,23.1,24.13933847850055,10.524559717438603,19.07077923664666,3.6912455344441213,13.625293595553666,7.63582871269092,0.12960844847099387,-1.6145959581268445,377.2142918574938,7715.950379912329,31.0,39.8356957997958,56.34703555212352,78.12711719956198,88.90265486725664,57.90265486725664,58.92168738644017,18.502995534576527,342.3608437525589,38.29142139976618,0.03215244435561218,-1.4635443215644377,3811.472128188853,264814.25095748366,12.99,25.14,19.085208333333334,58.875,-0.7565820018796997,1.5201152775621942
timeseries_table_timeseries_table (6),2025-05-23,0.0,3.4705555555555554,14.1175,6.411944444444444,3.4705555555555554,3.4705555555555554,0.1973245731793989,0,10,0,20.479109817283383,20.560000000000002,16.21029256760149,64.89249749962667,0.08089018271661885,4,0,5,0.49999999999999994,-0.8660254037844387,19.53,20.065533333333335,20.60926779661017,20.8,21.13,1.5999999999999979,20.479109817283383,0.44624098065328927,0.1991310128144093,0.7344666666666662,-0.5040757047265001,-1.0030757028878874,419.5914895163033,8600.906721013234,20.56,20.56,20.56,20.56,20.56,0.0,20.560000000000002,3.566783887046927e-15,1.2721947296897587e-29,0.0,-0.9882122570267757,-2.0156860313720624,422.71359999999993,8690.991616,10.301363636363636,12.785357779318606,15.783320087760826,19.916112261932607,21.775801781737194,11.474438145373558,16.210292567601485,3.9469121806250067,15.578115761566044,7.130754482614002,0.02186062116087802,-1.4016381879016533,278.2600649137339,5014.10190872956,39.0,47.00278988666086,67.0,82.0,90.0,51.0,64.89249749962666,17.38029221803372,302.07455758424345,34.99721011333914,-0.10280544572481198,-1.4852732615602817,4511.333880161036,331186.1079345503,9.1,22.48,16.260526315789473,64.61052631578947,-0.7654942825814537,4.21858350149391
timeseries_table_timeseries_table (6),2025-05-24,0.0,0.46444444444444444,20.77027777777778,2.765277777777778,0.46444444444444444,0.46444444444444444,0.02187193407024658,0,17,0,20.592237759631363,20.56,17.23585715014532,68.42982441363648,-0.03223775963136433,5,1,5,0.49999999999999994,-0.8660254037844387,20.0,20.430793562708104,20.6561748958953,20.78,21.08,1.0799999999999983,20.592237759631363,0.2745357960734723,0.07536990332569515,0.3492064372918975,-0.6466132223131867,-0.5565730440100105,424.1141480112716,8736.489199343201,20.56,20.56,20.56,20.56,20.56,0.0,20.560000000000002,3.5787412331958885e-15,1.2807388814176426e-29,0.0,-0.9783398258256433,-2.0287754673387948,422.7135999999999,8690.991615999998,12.770635451505015,14.287631915218736,16.86393211849452,20.600506265254293,21.457572062084257,8.686936610579242,17.23585715014532,2.9513262012421206,8.710326346138247,6.312874350035557,-0.030745625855260295,-1.5849939239067004,305.7005317711488,5565.565054873465,53.0,55.05343691242857,70.71659651179219,79.0,85.93645484949832,32.93645484949832,68.42982441363647,11.677728925138382,136.36935284901364,23.946563087571427,-0.08825938332981806,-1.661758456109901,4817.6862478306275,348015.1354175915,11.37,22.14,17.138617021276595,68.82978723404256,-0.8535820018796991,3.4536207383547683
timeseries_table_timeseries_table (6),2025-05-25,0.0,0.0,19.822777777777777,4.177222222222222,0.0,0.0,0.0,0,20,0,20.498350946571996,20.56,17.344434048908738,78.70740118576083,0.06164905342800253,6,1,5,0.49999999999999994,-0.8660254037844387,20.0,20.364534753346312,20.57,20.635073924731184,20.86,0.8599999999999994,20.498350946571993,0.24312493653269437,0.05910973476402667,0.27053917138487193,-0.4835555967303876,-0.7198690610195326,420.2395944979553,8616.556873534968,20.56,20.56,20.56,20.56,20.56,0.0,20.56,0.0,0.0,0.0,,,422.71359999999993,8690.991615999998,13.503533333333333,15.430988413201948,17.05924640399556,18.829878574597775,22.696784922394677,9.193251589061344,17.344434048908735,2.546446747249169,6.4843910365758735,3.3988901613958262,0.4619120830450189,-0.6581554067862316,307.24552676576735,5559.195376441304,63.18020022246941,76.0,79.32734795617344,83.39437581554428,94.0,30.81979977753059,78.70740118576084,7.892929465311282,62.298335544379036,7.394375815544279,-0.3183513936364512,-0.578470692815968,6256.497565007585,501979.57724107435,11.93,23.59,17.375625,78.48958333333333,-0.9505942132592119,3.1227259465719968
timeseries_table_timeseries_table (6),2025-05-26,0.0,0.0,16.208333333333332,7.791666666666667,0.0,0.0,0.0,0,10,0,20.155270960685392,20.56,17.55701700119819,77.44073953476973,0.40472903931460635,0,0,5,0.49999999999999994,-0.8660254037844387,19.76,20.00218660968661,20.0879,20.338223562433623,20.67,0.9100000000000001,20.15527096068539,0.23502139240701603,0.05523505488893261,0.33603695274701195,0.3706959552660086,-0.781226509889914,406.28820987300486,8191.000805456292,20.56,20.56,20.56,20.56,20.56,0.0,20.56,0.0,0.0,0.0,,,422.71359999999993,8690.991616,13.91,15.073891990410056,17.670130935068247,20.27,20.455066666666667,6.545066666666667,17.55701700119819,2.373530258327411,5.633645887195787,5.196108009589944,-0.16280987402955177,-1.5332601506247323,313.81294068376553,5702.819912159252,69.18222222222222,70.99928658951667,77.4578560889797,81.0,95.35,26.167777777777772,77.44073953476973,7.32602462015554,53.670636735125115,10.000713410483328,0.779946023023395,-0.34416342128748134,6050.076175973652,477039.00522437954,12.92,21.14,17.533020833333335,77.59375,-0.984946058630619,2.622250127352057
timeseries_table_timeseries_table (6),2025-05-27,0.0,0.0,19.960277777777776,4.039722222222222,0.0,0.0,0.0,0,21,0,20.332751869944943,20.56,18.291725651931575,93.28567209949168,0.22724813005505595,1,0,5,0.49999999999999994,-0.8660254037844387,19.98,20.151750936387558,20.32507472826087,20.530484936825413,20.75,0.7699999999999996,20.332751869944943,0.23575108941869327,0.055578576162100705,0.37873400043785566,0.023482403864101675,-1.1364930455825373,413.4748333315736,8409.278847666608,20.56,20.56,20.56,20.56,20.56,0.0,20.56,0.0,0.0,0.0,,,422.7135999999999,8690.991616,16.62217777777778,16.91,18.70110372334247,19.39579959806895,19.92082222222222,3.2986444444444416,18.291725651931575,1.1175625670216893,1.248946091208108,2.485799598068951,-0.19661567217045028,-1.6121244919673219,335.82329768384074,6187.732917202689,90.0,91.44592808130548,93.1420751988431,95.0,97.0,7.0,93.28567209949168,2.0925413757688083,4.378729409304416,3.554071918694518,-0.016081205572472515,-1.1074832099206111,8706.550206922882,813004.7636878741,15.72,20.82,18.296458333333334,93.29166666666667,-0.7684310885258354,2.036293536611609
timeseries_table_timeseries_table (6),2025-05-28,0.0,0.0,16.695,7.305,0.0,0.0,0.0,0,12,0,20.33394253109018,20.56,20.62562403354468,84.45973510211459,0.22605746890981848,2,0,5,0.49999999999999994,-0.8660254037844387,19.92,20.205519530633364,20.382139406487234,20.42,20.65,0.7299999999999969,20.333942531090177,0.15250590430786795,0.023258050848760578,0.214480469366638,-0.6385575995394722,-0.21208652276757745,413.4919360236233,8408.842858309703,20.56,20.56,20.56,20.56,20.56,0.0,20.56,0.0,0.0,0.0,,,422.7136,8690.991616,18.188000000000002,18.540584759576202,20.169613869625522,22.519110991688454,24.378803986710963,6.190803986710961,20.625624033544682,2.1722826898566177,4.718812084650701,3.9785262321122516,0.4076869617801411,-1.3714506244518294,430.0844389428978,9067.502776830235,64.73801560758082,73.39173190940595,86.56097468547425,95.0,98.11777777777777,33.379762170196955,84.45973510211459,11.190860001432627,125.23534757166468,21.608268090594052,-0.44204532726874435,-1.3837913470487944,7257.335584450479,633260.3371483024,16.81,25.26,20.627395833333335,84.47916666666667,-0.29407013627819545,-0.29345330224315447
timeseries_table_timeseries_table (6),2025-05-29,0.0,0.0,18.509722222222223,5.490277777777778,0.0,0.0,0.0,0,18,0,20.41839845374715,20.559999999999995,21.37266753300965,78.42112734950949,0.1416015462528435,3,0,5,0.49999999999999994,-0.8660254037844387,20.06,20.329755571531273,20.38,20.571133333333332,20.74,0.6799999999999997,20.41839845374715,0.14790922953447902,0.021877140181483203,0.2413777618020596,-0.004006364599244689,-1.035569157067948,416.93214331815983,8513.950230067241,20.56,20.56,20.56,20.56,20.56,0.0,20.559999999999995,3.580361673049448e-15,1.2818989709841442e-29,0.0,0.9770120632257652,-2.030532544378698,422.7136,8690.991616,16.84,18.020113647533467,21.607108239629085,24.57535273614381,26.291966666666667,9.451966666666667,21.372667533009654,3.2369459367138296,10.477818997208171,6.555239088610342,0.006099860698862957,-1.566737895368643,467.15231626269286,10427.39948931418,54.0,66.23003911050203,77.0711731327527,94.88903486924035,96.00000000000001,42.000000000000014,78.42112734950949,14.287713664986367,204.13876177263816,28.658995758738314,-0.05121577657228934,-1.5192077438113298,6351.743768076482,529623.3598306521,16.32,27.14,21.387473684210526,78.3157894736842,0.32474394096944514,-0.9690752304633747
timeseries_table_timeseries_table (6),2025-05-30,0.0,0.0,17.95888888888889,6.041111111111111,0.0,0.0,0.0,0,22,0,20.576906103625394,20.56,19.96666971470504,71.73428856562052,-0.01690610362539502,4,0,5,0.49999999999999994,-0.8660254037844387,20.1,20.445855988243938,20.61,20.72,21.0,0.8999999999999986,20.576906103625387,0.21237168675024048,0.045101733333142276,0.27414401175606073,-0.23597441195209695,-0.5012943446947187,423.4532069194015,8715.171234417134,20.56,20.56,20.56,20.56,20.56,0.0,20.56,0.0,0.0,0.0,,,422.7136,8690.991616,16.088520578420468,17.87,20.40213075584843,21.82279811180577,23.834040178571428,7.74551960015096,19.96666971470504,2.2408942869648802,5.021607205351838,3.9527981118057696,-0.17963638327476955,-1.287636100124535,403.6407532334582,8255.922830810901,49.0,59.494497582511634,77.15831608183949,82.00822377319699,86.88901220865705,37.88901220865705,71.73428856562052,12.102386859580882,146.467767698956,22.513726190685354,-0.5244187779721944,-1.3482323240012482,5290.8539065525465,399415.5585861169,15.26,24.14,20.00242105263158,71.47368421052632,0.8314011808110705,0.5744850509938146
timeseries_table_timeseries_table (6),2025-05-31,0.0,0.0,15.983055555555556,8.016944444444444,0.0,0.0,0.0,0,17,0,20.493780505021466,20.56,20.68237345975547,65.83697909434412,0.06621949497853308,5,1,5,0.49999999999999994,-0.8660254037844387,20.03,20.367175151190718,20.51,20.65,20.99,0.9599999999999973,20.493780505021466,0.21340524716803908,0.04554179951885185,0.2828248488092804,-0.13939259019862885,-0.5187269275725432,420.0396882110557,8610.029865217204,20.56,20.56,20.56,20.56,20.56,0.0,20.56,0.0,0.0,0.0,,,422.71359999999993,8690.991616,15.35,16.08938745922436,19.889063714649875,25.414320137123624,26.820022246941047,11.470022246941047,20.68237345975547,4.291157329072012,18.41403122284845,9.324932677899266,0.17909912992230406,-1.6183216653346857,446.01855203958763,9994.11095620768,42.0,48.399101716954604,74.48288377874457,80.5290270018622,84.52444444444444,42.52444444444444,65.83697909434413,15.836181162287735,250.7846338047969,32.1299252849076,-0.372525976594754,-1.6077686279445937,4583.167156567082,333004.36377723934,14.97,27.92,20.74063157894737,65.5578947368421,0.7039101593745002,-0.2468510739259031
timeseries_table_timeseries_table (6),2025-06-01,0.0,0.0,17.013055555555557,6.986944444444444,0.0,0.0,0.0,0,24,0,20.55139940936688,20.560000000000002,22.197727474168836,70.29740659545823,0.008600590633122351,6,1,6,1.2246467991473532e-16,-1.0,20.18,20.435717585908172,20.527910107884164,20.68,20.96,0.7800000000000011,20.55139940936688,0.17685898817220985,0.03127910169729787,0.2442824140918276,0.47175413820915674,-0.26064412936035763,422.3907066132924,8681.984129068187,20.56,20.56,20.56,20.56,20.56,0.0,20.560000000000002,3.578365374219565e-15,1.2804698751413526e-29,0.0,-0.9786481423826039,-2.0283673469387757,422.7135999999999,8690.991616,16.09,17.10446326732062,22.30540824983241,26.827388130051204,28.026933333333332,11.936933333333332,22.197727474168843,4.505999476407053,20.304031281380635,9.722924862730583,-0.08716043691882897,-1.6555107636021185,512.8739360381726,12270.55653985918,52.03761061946903,56.0334454714701,70.48080681721275,84.90195659513293,89.73777777777778,37.70016715830875,70.29740659545824,13.812341562947584,190.7807794515293,28.868511123662827,-0.033393596467989096,-1.7360241355754686,5130.916313669941,387201.37867887015,15.14,28.59,22.162365591397847,70.48387096774194,0.6473155545112782,-1.6109661820309675
timeseries_table_timeseries_table (6),2025-06-02,0.0,0.0,19.543333333333333,4.456666666666667,0.0,0.0,0.0,0,24,0,20.46492039622975,20.560000000000002,23.044638276978265,74.25223610938356,0.09507960377025171,0,0,6,1.2246467991473532e-16,-1.0,19.92,20.230254588513915,20.490705555555554,20.594158222915045,20.89,0.9699999999999989,20.464920396229747,0.22381621816475586,0.05009369951357359,0.3639036344011295,-0.20038240374885632,-0.4004121449386613,418.86228985123375,8573.999955795352,20.56,20.56,20.56,20.56,20.56,0.0,20.56,0.0,0.0,0.0,,,422.7135999999998,8690.991616,16.49,18.55,22.295632311977716,28.317691431261775,30.187655555555555,13.697655555555556,23.04463827697826,4.692913626915733,22.023438309691386,9.767691431261774,0.13340421305221853,-1.487524239066109,552.8838939423065,13760.858862270343,49.0,56.75961903640929,80.0,87.45,94.0,45.0,74.25223610938356,15.453284360135216,238.80399751519965,30.690380963590712,-0.3043780036284976,-1.4625836061583253,5750.08525504632,460983.0656806277,15.53,31.1,21.85828125,77.609375,0.6482644994542804,-1.3933608537702504
timeseries_table_timeseries_table (6),2025-06-03,0.0,0.0,15.915555555555555,8.084444444444445,0.0,0.0,0.0,0,24,0,20.413213508146917,20.56,23.992252373087354,72.69716592587575,0.14678649185308146,1,0,6,1.2246467991473532e-16,-1.0,20.09,20.33368566266097,20.39,20.524225958038254,20.82,0.7300000000000004,20.413213508146917,0.16862047045877446,0.028432863057738428,0.19054029537728567,0.1674342443430816,0.12150923966629312,416.72719205774854,8507.881264551981,20.56,20.56,20.56,20.56,20.56,0.0,20.560000000000002,3.581249990064246e-15,1.282535149133516e-29,0.0,-0.9762852098805582,-2.031494079113127,422.7135999999999,8690.991615999998,18.78,19.89514507998512,23.671158348204504,27.371801282215902,30.706750139120757,11.926750139120756,23.992252373087354,4.121899309857379,16.990053920602737,7.476656202230782,0.27721816005698885,-1.4179607628657032,592.4159653078444,15038.36115015635,47.251111111111115,57.499074757889595,69.43167559842801,90.38796666666667,93.70333333333332,46.452222222222204,72.69716592587575,17.28399791374672,298.73658388240096,32.888891908777076,-0.1285340735441898,-1.6113884503388447,5580.05812963335,447908.27108187205,17.48,31.37,24.965208333333333,68.5,0.4681630771737811,-4.551994825186416
timeseries_table_timeseries_table (6),2025-06-04,0.0,0.0,16.858888888888888,7.141111111111111,0.0,0.0,0.0,0,24,0,20.466844546693437,20.560000000000002,25.18107888130529,69.0639178960433,0.09315545330656505,2,0,6,1.2246467991473532e-16,-1.0,20.08,20.36,20.49,20.57,20.86,0.7800000000000011,20.466844546693437,0.1696984362379976,0.02879755926162174,0.21000000000000085,-0.02998077781459186,0.30894236305807654,418.92001803743864,8575.128849962404,20.56,20.56,20.56,20.56,20.56,0.0,20.56,0.0,0.0,0.0,,,422.7136,8690.991615999998,19.17245,20.721673275862067,25.53265975631933,29.058326345609068,30.793499999999998,11.621049999999997,25.181078881305286,4.001436177740959,16.011491484534172,8.336653069747001,-0.09537305607052284,-1.5491128709055892,649.9260585359509,17157.431474314562,54.242777777777775,57.0,72.28912271890172,77.15466921728041,83.0,28.757222222222225,69.06391789604328,9.597304557009526,92.1082547599958,20.154669217280414,-0.20548015643634124,-1.4754043966773855,4860.942598569899,348120.00843499857,18.04,31.37,25.141702127659578,69.19148936170212,0.5755356132266147,-4.67485758096614
timeseries_table_timeseries_table (6),2025-06-05,0.0,0.49833333333333335,15.0425,8.459166666666667,0.49833333333333335,0.49833333333333335,0.032066062523459705,0,22,0,20.528891278485364,20.56,24.02639705498215,79.39881972856075,0.031108721514634396,3,0,6,1.2246467991473532e-16,-1.0,20.24,20.4,20.53,20.69,20.91,0.6700000000000017,20.528891278485364,0.16223265322739083,0.02631943377319884,0.2900000000000027,0.12195343214457012,-0.9523570579637002,421.46129164327994,8653.197547663302,20.56,20.56,20.56,20.56,20.56,0.0,20.56,0.0,0.0,0.0,,,422.7136000000001,8690.991616,21.87285,22.604731800766285,23.54105687037037,25.676508117640786,27.0232,5.1503499999999995,24.026397054982144,1.7090430840336768,2.920828263083341,3.0717763168745016,0.5295900007318699,-1.1617144942254916,580.1578381460745,14080.622741586296,71.05230940456316,74.0,78.0,83.01339510498917,94.0,22.94769059543684,79.39881972856075,6.041252556475391,36.49673245112045,9.013395104989172,0.6737276002208017,-0.509593307084026,6340.285130608545,509294.29230023996,20.77,28.04,24.045319148936173,79.46808510638297,0.7966396272429748,-3.5164278704508085
timeseries_table_timeseries_table (6),2025-06-06,0.0,0.0,15.7125,8.2875,0.0,0.0,0.0,0,24,0,20.47271895062111,20.559999999999995,23.399314489269948,88.20127900961128,0.08728104937888403,4,0,6,1.2246467991473532e-16,-1.0,20.17,20.41,20.466739855475264,20.51,20.8,0.629999999999999,20.47271895062111,0.1489407073356695,0.02218333430164955,0.10000000000000142,-0.02252474006053946,0.03828090201444656,419.1539518443142,8582.110748202113,20.56,20.56,20.56,20.56,20.56,0.0,20.559999999999995,3.573309292954109e-15,1.276853930311219e-29,0.0,0.9828082602067949,-2.0228563878980053,422.7135999999999,8690.991615999998,20.946133333333332,21.61356348803952,21.988986445607914,23.75526480276952,29.45220489977728,8.506071566443946,23.399314489269948,2.6881303330062933,7.226044687228526,2.1417013147299997,1.268489134490377,0.04002344535879532,554.6699394795538,13337.772968939478,70.66369710467706,83.0,92.25013064782515,93.82130072262368,95.97611111111112,25.312414006434068,88.20127900961127,7.778146910891056,60.499569367404085,10.821300722623675,-1.0811034285497119,-0.3685223294605997,7839.261704933962,701472.3516495964,20.21,30.26,23.617659574468085,87.53191489361703,0.8476313617240602,-3.144940623846974
timeseries_table_timeseries_table (6),2025-06-07,0.0,0.0,19.02166666666667,4.9783333333333335,0.0,0.0,0.0,0,23,0,20.53401718169464,20.56,22.99563678759169,85.96788434782808,0.025982818305358535,5,1,6,1.2246467991473532e-16,-1.0,20.15,20.42,20.54,20.69,20.84,0.6900000000000013,20.53401718169464,0.1584931262115224,0.02512007105630157,0.2699999999999996,-0.1630739543503298,-0.6969094631181081,421.6704107784814,8659.594996442549,20.56,20.56,20.56,20.56,20.56,0.0,20.560000000000002,3.574051490343555e-15,1.2773844055626985e-29,0.0,-0.9821961093238623,-2.0236678004535147,422.7136,8690.991615999998,21.36,21.57,22.975569660975005,24.44,25.082238307349666,3.7222383073496665,22.99563678759169,1.4092735356797954,1.9860518983674316,2.870000000000001,0.1215129575579973,-1.6836215622606245,530.7498979527369,12294.98194572373,73.01726057906458,77.71091069457066,87.13428891297356,93.0,95.27799442896936,22.26073384990478,85.96788434782808,7.490628074982355,56.10950895771386,15.289089305429343,-0.28138275825701553,-1.5482725557550625,7445.584692682154,649437.859427525,20.23,25.82,23.125,85.39583333333333,0.5600147135463706,-2.59098281830536
timeseries_table_timeseries_table (6),2025-06-08,0.0,0.13527777777777777,22.07111111111111,1.793611111111111,0.13527777777777777,0.13527777777777777,0.006091840436310871,0,24,0,20.54898207035979,20.56,24.119286362313026,75.86589199707264,0.011017929640207313,6,1,6,1.2246467991473532e-16,-1.0,20.11,20.39,20.544083453076045,20.67,21.0,0.8900000000000006,20.54898207035979,0.19118785763655632,0.03655279690765613,0.28000000000000114,0.27085060514421644,-0.4929492982799024,422.296754231244,8679.253553665401,20.56,20.56,20.56,20.56,20.56,0.0,20.56,0.0,0.0,0.0,,,422.71359999999993,8690.991616,20.057961002785518,22.41596117669524,23.06759028522795,26.430305978424325,27.535908838243465,7.477947835457947,24.119286362313023,2.19989593951671,4.839542144702108,4.014344801729084,0.21011565109242214,-1.5697493492075243,586.4827259290671,14376.565360812077,55.52584769316287,60.232181234217144,80.53576028721707,88.63176728307575,95.0,39.47415230683713,75.86589199707265,13.928362411965919,193.99927947906505,28.399586048858602,-0.1229806033533356,-1.6585192804406261,5945.752862400974,479594.6791957993,18.59,28.14,23.78255319148936,76.72340425531915,0.19595609608376666,-3.233571121129568
timeseries_table_timeseries_table (6),2025-06-09,0.0,4.668888888888889,18.165555555555557,1.1655555555555555,4.668888888888889,4.668888888888889,0.20446693591552723,0,23,0,20.76675021357616,20.56,21.263255456060982,84.09386266874733,-0.20675021357616075,0,0,6,1.2246467991473532e-16,-1.0,20.4,20.71,20.75,20.92145680653808,21.11,0.7100000000000009,20.766750213576163,0.18442494667920922,0.03401256095762916,0.21145680653808085,-0.2789627180972457,-0.8407791903668249,431.2917723914734,8957.932996086764,20.56,20.56,20.56,20.56,20.56,0.0,20.56,0.0,0.0,0.0,,,422.71359999999993,8690.991615999998,17.639866369710468,19.207187007864878,20.786032631578944,22.502795212789323,25.448148971650916,7.808282601940448,21.263255456060975,2.2267704631122203,4.958506695389012,3.295608204924445,0.4082888851073654,-0.8943363768563009,457.0454959252898,9931.990849986414,61.9771714922049,80.17868816008894,84.7782140806731,90.15716744054667,95.95884315906564,33.981671666860734,84.09386266874733,7.64419801212001,58.43376324849952,9.978479280457734,-0.7198128099340787,-0.15586164969078187,7129.7513934266035,608997.266233277,16.88,26.14,21.06625,84.91666666666667,0.020298450164639905,-0.2994997864238407
timeseries_table_timeseries_table (6),2025-06-10,0.0,6.756111111111111,13.672222222222222,3.5716666666666668,6.756111111111111,6.756111111111111,0.3307225802942536,0,18,0,20.786955310854697,20.559999999999995,21.716904821673918,72.74345980818818,-0.22695531085470222,1,0,6,1.2246467991473532e-16,-1.0,20.03,20.629832523605263,20.836295693301953,20.87,21.16,1.129999999999999,20.786955310854704,0.18816855854700962,0.035407406425659385,0.24016747639473834,-0.22821066077088914,0.9662226529331872,432.1327757300959,8984.189265757765,20.56,20.56,20.56,20.56,20.56,0.0,20.560000000000006,7.119511469255988e-15,5.068744356086755e-29,0.0,-0.9940770086613205,-2.0078895155368777,422.7135999999999,8690.991615999998,16.054298440979956,17.059652965852763,21.098426009748977,26.973883958617552,28.07778642936596,12.023487988386005,21.716904821673914,4.613508897900173,21.28446435100407,9.91423099276479,0.18418226443454022,-1.5953456015645733,492.79336822599385,11639.500911107658,43.080088987764185,51.09801349765259,78.67742970309993,91.0,94.87298050139276,51.792891513628575,72.74345980818818,19.719318240716447,388.85151187865233,39.90198650234741,-0.34113349594963027,-1.5918263900950358,5678.360556679935,466714.829616651,15.1,28.86,21.92375,72.04166666666667,-0.5476961436170217,-1.136794689145301
timeseries_table_timeseries_table (6),2025-06-11,0.0,9.016666666666667,12.783888888888889,2.1994444444444445,9.016666666666667,9.016666666666667,0.41359802247649147,0,20,0,20.788352608294336,20.56,22.626587370793757,71.86973490053079,-0.2283526082943368,2,0,6,1.2246467991473532e-16,-1.0,20.01,20.66109157170128,20.80735216948971,20.87,21.16,1.1499999999999986,20.78835260829434,0.19942461706212486,0.03977017789037514,0.20890842829872014,-0.44899425702264456,0.8164901817492516,432.1952408876955,8986.271466419543,20.56,20.56,20.56,20.56,20.56,0.0,20.56,0.0,0.0,0.0,,,422.71360000000004,8690.991615999994,15.59,17.459374417919587,21.834544923678635,28.095307506722012,29.410000000000004,13.820000000000004,22.626587370793754,4.947778735999258,24.48051442040642,10.635933088802425,0.03265645137209542,-1.614714683078209,536.3211768644882,13241.382902238953,45.0,47.50166202192045,82.30669529940951,91.0,94.0,49.0,71.86973490053079,20.021670003769767,400.86726973985407,43.49833797807955,-0.2862642554617076,-1.7155557658147915,5564.131699886359,454928.8840067165,14.65,30.26,22.521041666666665,71.9375,-0.5516821808510646,-1.7326890583723298
timeseries_table_timeseries_table (6),2025-06-12,0.0,9.136111111111111,14.071944444444444,0.7919444444444445,9.136111111111111,9.136111111111111,0.39366120480197253,0,24,0,20.81299909027241,20.560000000000002,24.35166090494381,72.39675343423708,-0.2529990902724073,3,0,6,1.2246467991473532e-16,-1.0,20.12,20.68,20.83764374276943,20.91,21.19,1.0700000000000003,20.812999090272406,0.1971642390453885,0.0388737371583471,0.23000000000000043,-0.3062987015619822,0.21823411600351017,433.219696585448,9018.212453999324,20.56,20.56,20.56,20.56,20.56,0.0,20.559999999999995,3.557472841923823e-15,1.2655613021025562e-29,0.0,0.9959919869547322,-2.005340444393606,422.7135999999999,8690.991615999998,17.66526403557532,19.08314648632495,24.918347222222224,28.958957465630213,30.6760489705064,13.010784934931081,24.35166090494381,4.5565416957045395,20.762072224694,9.875810979305264,-0.12730481498037255,-1.577335341207233,613.6926116778357,15940.024808878065,46.02225932109071,58.0,74.6083420790323,89.55775272671542,94.0,47.97774067890929,72.39675343423708,15.942780245545821,254.17224195776606,31.55775272671542,-0.10951769435970307,-1.4989074557538344,5494.570317347563,434018.622272012,16.83,31.14,24.436666666666667,72.02083333333333,-0.3578357712765963,-3.623667576394258
timeseries_table_timeseries_table (6),2025-06-13,0.0,9.250833333333333,14.287777777777778,0.4613888888888889,9.250833333333333,9.250833333333333,0.39300676193960277,0,21,0,20.771033428035345,20.560000000000002,23.017468517568865,86.87647954474546,-0.21103342803534275,4,0,6,1.2246467991473532e-16,-1.0,20.3,20.647797993518253,20.78920370425411,20.88,21.18,0.879999999999999,20.77103342803535,0.14785826275434033,0.021862065864731543,0.23220200648174583,0.06581627559408511,0.858117224820377,431.4576244665315,8962.726354279683,20.56,20.56,20.56,20.56,20.56,0.0,20.56,0.0,0.0,0.0,,,422.7135999999998,8690.991616,20.881066666666666,21.79,22.843957031172963,23.974822757724198,27.512348358375068,6.631281691708402,23.01746851756886,1.5593320664036574,2.4315164933147004,2.1848227577241985,0.9039587400071512,0.5600516524563726,532.2240112239843,12365.288469127394,73.15303283249861,85.31646708782588,88.0,90.02586206896552,93.93370473537604,20.78067190287743,86.87647954474546,4.520116598240653,20.43145406169066,4.7093949811396385,-1.1152175429664877,0.9822080178677561,7567.858678065867,660899.363150491,20.53,28.14,23.05125,86.6875,-0.021774949341438723,-2.2802165719646545
timeseries_table_timeseries_table (6),2025-06-14,0.0,10.151111111111112,13.375833333333333,0.47305555555555556,10.151111111111112,10.151111111111112,0.43146746638015515,0,20,0,20.839373176759636,20.560000000000002,23.98313632865041,85.19852246567719,-0.27937317675963413,5,1,6,1.2246467991473532e-16,-1.0,20.3,20.77,20.87,21.00066162250884,21.07,0.7699999999999996,20.83937317675963,0.17469462877517536,0.030518213322896327,0.23066162250884048,-0.6993320176385046,-0.15924561063206877,434.3099023229997,9052.010598149114,20.56,20.56,20.56,20.56,20.56,0.0,20.560000000000002,3.558060128294474e-15,1.265979187655889e-29,0.0,-0.9954988789501154,-2.0059969879789703,422.71359999999976,8690.991615999998,21.62,22.213426668917037,23.794827913279132,26.03883403705388,27.017893274041135,5.3978932740411345,23.98313632865041,1.9081543520407807,3.641053031212172,3.825407368136844,0.22183696035802658,-1.5449794942638058,578.8162543527994,14057.268573404923,72.00666666666667,75.9929927414852,89.47401515151515,91.7027750421755,93.0,20.993333333333325,85.19852246567719,7.5289465779780285,56.68503657404707,15.709782300690307,-0.5581584673894864,-1.4495978434409866,7315.229983489775,632626.0839422878,20.77,28.14,24.04875,84.66666666666667,0.09077745060790285,-3.209376823240362
timeseries_table_timeseries_table (6),2025-06-15,0.0,12.053055555555556,11.924722222222222,0.022222222222222223,12.053055555555556,12.053055555555556,0.5026760889712697,0,24,0,20.826053917324458,20.560000000000002,25.632173069900922,81.28635395126258,-0.2660539173244558,6,1,6,1.2246467991473532e-16,-1.0,20.4,20.75,20.828875180115276,20.96828122284948,21.26,0.860000000000003,20.826053917324458,0.16748164837570467,0.028050102542643184,0.21828122284948037,-0.6174588246849766,0.18485903788278923,433.7525020934737,9034.515534190014,20.56,20.56,20.56,20.56,20.56,0.0,20.56,0.0,0.0,0.0,,,422.7135999999999,8690.991615999996,22.214983314794218,22.755893103656952,24.65319213242469,28.811739582546767,30.70976640711902,8.494783092324802,25.632173069900922,3.0997647011314773,9.608541202380716,6.055846478889816,0.40838935924192354,-1.551719791995236,666.5750612216374,17588.36483967885,59.317018909899886,67.34608333962586,85.0,93.92065430233859,96.93770856507231,37.62068965517243,81.2863539512626,13.08138749271118,171.1226987344605,26.574570962712727,-0.395287580016502,-1.507803247406775,6777.850025690776,577760.7806564649,21.34,31.37,25.83893617021277,80.38297872340425,0.260053824721378,-5.012882252888311
timeseries_table_timeseries_table (6),2025-06-16,0.0,10.823055555555555,12.350277777777778,0.8266666666666667,10.823055555555555,10.823055555555555,0.4670478519370925,0,19,0,20.81065289461321,20.56,25.068626505905897,83.94562194210819,-0.2506528946132107,0,0,6,1.2246467991473532e-16,-1.0,20.14,20.7,20.822994435616142,20.94198275862069,21.25,1.1099999999999994,20.81065289461321,0.18817666103816036,0.035410455759470695,0.24198275862068996,-0.344078552661578,0.34597429106800526,433.118574385473,9014.947273302761,20.56,20.56,20.56,20.56,20.56,0.0,20.559999999999995,3.558402575444794e-15,1.2662228888932138e-29,0.0,0.9952114975137044,-2.0063795690473523,422.7135999999999,8690.991615999998,21.833203342618386,22.59689653546264,23.34,28.04312124094203,30.78260167130919,8.949398328690805,25.068626505905897,3.031627955692622,9.190768061737026,5.446224705479388,0.6546879606583844,-1.2031133096545958,637.583244811872,16460.193772388437,61.0924791086351,74.0,88.77551742248077,91.8585076112808,96.0,34.9075208913649,83.94562194210819,10.988251019030894,120.7416604572335,17.8585076112808,-0.8124803788477972,-0.7506993165635132,7167.036868346973,620738.8116996264,20.21,31.14,24.913829787234043,84.59574468085107,0.6820809587132729,-4.103176892620834
timeseries_table_timeseries_table (6),2025-06-17,0.0,0.17805555555555555,13.508888888888889,10.313055555555556,0.17805555555555555,0.17805555555555555,0.013009153085868528,0,17,0,20.542693850612764,20.56,24.729414007089222,85.46194417443101,0.017306149387234626,1,0,6,1.2246467991473532e-16,-1.0,20.0,20.4,20.56,20.69,21.03,1.0300000000000011,20.542693850612768,0.17928805789696772,0.03214420770446645,0.2900000000000027,-0.2971081724604836,0.4350524055360312,422.0339125944627,8671.011770714931,20.56,20.56,20.56,20.56,20.56,0.0,20.56,0.0,0.0,0.0,,,422.71359999999993,8690.991615999998,22.60072342793545,22.83,24.934309231670582,26.230424495286677,27.362324805339266,4.761601377403817,24.729414007089225,1.6283656814221592,2.651574792433453,3.4004244952866785,0.06287462650041216,-1.409373602286294,614.1512990132468,15316.831264096627,76.62791991101224,80.07311186053813,85.67639077974331,90.51643453312468,91.94877505567929,15.32085514466705,85.46194417443103,5.4937924572773005,30.18175556363696,10.443322672586547,-0.4376514745151873,-1.3351681722477355,7333.422628377805,631728.790577043,21.32,28.14,24.439791666666665,86.47916666666667,0.5435039893617025,-3.8970978160539005
timeseries_table_timeseries_table (6),2025-06-18,0.0,0.0,18.810555555555556,5.189444444444445,0.0,0.0,0.0,0,23,0,20.277201280190333,20.559999999999995,25.842572333949953,81.55747836080545,0.2827987198096622,2,0,6,1.2246467991473532e-16,-1.0,19.59,19.974527649769584,20.33,20.5,20.8,1.2100000000000009,20.277201280190333,0.30826604693396975,0.09502795569229645,0.5254723502304159,-0.5875800570787743,-0.5469574498147312,411.2585013853478,8342.950480810505,20.56,20.56,20.56,20.56,20.56,0.0,20.559999999999995,3.574849180676074e-15,1.2779546664580393e-29,0.0,0.9815387555554628,-2.024538942234416,422.7135999999999,8690.991616,22.457194444444443,23.576414429308805,24.71681896091323,29.074164193070224,30.5315,8.074305555555558,25.842572333949953,2.754751119862562,7.588653732384038,5.497749763761419,0.4836128317007703,-1.4161294473950872,675.3172180789444,17848.58021993143,63.538932146829815,72.99488558458403,82.99834974366439,90.28215976747457,92.9760712298275,29.437139082997682,81.55747836080545,8.951493511407776,80.12923608477553,17.287274182890542,-0.3731898875228733,-1.090082707972309,6730.590219381434,561543.1384707162,20.77,31.14,25.78770833333333,81.8125,0.33922365754812567,-5.510507053142998
timeseries_table_timeseries_table (6),2025-06-19,0.0,1.1227777777777779,14.839166666666667,8.038055555555555,1.1227777777777779,1.1227777777777779,0.07034091502358039,0,22,0,20.62545461244361,20.560000000000002,23.706130630775462,83.1748857475998,-0.06545461244360595,3,0,6,1.2246467991473532e-16,-1.0,19.91,20.412220657276997,20.68835978835979,20.749584573337383,20.99,1.0799999999999983,20.62545461244361,0.2531769924342623,0.06409858949805851,0.3373639160603865,-0.4631482771987548,-0.209032388433688,425.4723714113746,8778.152106023466,20.56,20.56,20.56,20.56,20.56,0.0,20.56,0.0,0.0,0.0,,,422.71359999999993,8690.991615999998,20.75,21.290487685376526,23.731559679124004,25.41381273048679,28.29887715397443,7.548877153974431,23.706130630775462,2.498271187210384,6.2413589248455805,4.123325045110263,0.5188767783529112,-1.0237916149779207,568.1387702892382,13768.433927432081,65.48247078464107,77.4254898866247,85.69196753893169,89.73844859989048,93.14174541411896,27.659274629477892,83.1748857475998,7.72322855376696,59.64825929372129,12.312958713265772,-0.5594864584663954,-1.051697971793379,6976.914568296083,589836.5041138101,19.65,29.14,23.856458333333332,82.125,0.27483171859169164,-3.231003720889724
timeseries_table_timeseries_table (6),2025-06-20,0.0,1.2236111111111112,20.391111111111112,2.3852777777777776,1.2236111111111112,1.2236111111111112,0.05661007800753088,0,22,0,20.453479934734304,20.56,25.170206525340717,73.33280700646652,0.1065200652656948,4,0,6,1.2246467991473532e-16,-1.0,19.66,20.22058147632312,20.547836234177215,20.741943764397984,20.95,1.2899999999999991,20.453479934734304,0.3884449285084833,0.15088946248396068,0.5213622880748652,-0.6630965030569559,-0.7193829359432748,418.49325730531683,8565.675817363073,20.56,20.56,20.56,20.56,20.56,0.0,20.56,0.0,0.0,0.0,,,422.71359999999993,8690.991616,18.42998888888889,20.378522248634717,25.694093868113697,30.01351311773725,30.992033333333335,12.562044444444446,25.17020652534071,4.6208963848760884,21.352683399760902,9.634990869102534,-0.04435103259792625,-1.6942123813999543,654.5869415937829,17531.259603522627,46.31813125695217,54.42050305361256,75.78686707261609,93.78691475479174,95.79777777777777,49.4796465208256,73.33280700646652,19.023612252087943,361.89782311779055,39.366411701179175,-0.14362482156558531,-1.6926653164912957,5734.428437663772,471852.6436845018,17.91,32.14,25.3925,72.45833333333333,0.16051418439716286,-4.939020065265694
timeseries_table_timeseries_table (6),2025-06-21,0.0,0.0,14.482222222222223,9.517777777777777,0.0,0.0,0.0,0,23,0,19.99263197506877,20.56,27.592793129862365,74.79148775512364,0.567368024931227,5,1,6,1.2246467991473532e-16,-1.0,18.98,19.51593721542006,19.898581818181817,20.458520953163518,21.0,2.0199999999999996,19.99263197506877,0.5342256845895698,0.28539708207519443,0.9425837377434583,0.12616795406659534,-1.4355429086268705,399.9847846000743,8007.941764889544,20.56,20.56,20.56,20.56,20.56,0.0,20.56,0.0,0.0,0.0,,,422.7136,8690.991616,21.660000000000004,22.774985666000166,28.344912798811222,31.771547207874537,33.616449275362314,11.95644927536231,27.592793129862365,4.402072146813234,19.37823918574888,8.996561541874371,-0.12916449078417952,-1.7122214902814814,780.3881402715693,22572.02607827614,56.0,64.84373136809415,77.81677757341664,84.7173320659062,90.0,34.0,74.79148775512364,11.016794245925164,121.3697554570498,19.87360069781205,-0.25764980202684834,-1.4439668814678017,5712.929673255368,444758.7656956686,20.69,34.41,28.063958333333332,73.3125,0.03357760258358627,-8.07132635826456
timeseries_table_timeseries_table (6),2025-06-22,0.0,0.0,11.418888888888889,12.581111111111111,0.0,0.0,0.0,0,20,0,19.878943926435692,20.56,29.061755291504948,72.32290188754044,0.6810560735643065,6,1,6,1.2246467991473532e-16,-1.0,19.08,19.640743421052633,19.93222619047619,20.20324039383557,20.6,1.5200000000000031,19.878943926435692,0.3807824116249071,0.1449952450028802,0.5624969727829381,-0.2202781689819757,-0.8650109275476803,395.3149902879606,7864.100989573601,20.56,20.56,20.56,20.56,20.56,0.0,20.56,0.0,0.0,0.0,,,422.71359999999993,8690.991615999998,24.284052251250692,26.539046871167585,28.818968559755554,32.18887792940495,33.10529477196886,8.821242520718165,29.061755291504948,3.1002549010684586,9.611580451598998,5.649831058237368,-0.07866439753658998,-1.4909430113144868,854.031484170577,25366.33668485769,53.03340757238308,59.51761830157848,74.15641414141415,85.97605265077927,94.0,40.96659242761692,72.32290188754044,13.608386873038427,185.18819328628456,26.458434349200786,-0.03068970231243627,-1.454632049045541,5412.5974308368395,417702.26693975605,23.01,34.15,28.898750000000003,73.0625,0.25175262791286673,-9.019806073564311
timeseries_table_timeseries_table (6),2025-06-23,0.0,0.0,18.65972222222222,5.340277777777778,0.0,0.0,0.0,0,21,0,20.145153511742727,20.559999999999995,28.402520006433775,73.87543646337197,0.4148464882572682,0,0,6,1.2246467991473532e-16,-1.0,19.5,19.913214634146343,20.15,20.42,20.7,1.1999999999999993,20.145153511742727,0.2887311793900342,0.08336569395196008,0.5067853658536592,-0.11122248417835733,-0.9970334330004849,405.9095336344579,8180.424033827251,20.56,20.56,20.56,20.56,20.56,0.0,20.559999999999995,3.5707937633970306e-15,1.275056810071513e-29,0.0,0.984886810908746,-2.020099989796959,422.71359999999993,8690.991615999998,23.177384529771842,25.141703928230534,27.581595584237938,32.3335139677502,34.158240534521155,10.980856004749313,28.402520006433775,3.779781632175797,14.28674918693353,7.191810039519666,0.23868645956909537,-1.4935108633112115,820.7151467261323,24119.220080830226,51.17093541202672,60.092441484744015,76.76909735355947,86.50893651002436,94.00000000000001,42.82906458797329,73.87543646337197,14.048378789869924,197.35694662366714,26.41649502528034,-0.16543587217778455,-1.4341522611061148,5651.141733380769,445620.78207353747,21.88,35.13,28.380416666666665,74.0,0.6717102013677815,-8.235263154923938
timeseries_table_timeseries_table (6),2025-06-24,0.0,0.0,18.663333333333334,5.336666666666667,0.0,0.0,0.0,0,20,0,19.92480188540394,20.560000000000002,28.629476590093724,73.11703108601614,0.6351981145960615,1,0,6,1.2246467991473532e-16,-1.0,19.02,19.57060606060606,19.9,20.29952205882353,20.6,1.5800000000000018,19.92480188540394,0.43346267690759943,0.18788989227190195,0.7289159982174702,-0.12641714906017223,-1.208427679410608,397.18253990270006,7921.137718596271,20.56,20.56,20.56,20.56,20.56,0.0,20.560000000000002,3.573798218083708e-15,1.2772033703578286e-29,0.0,-0.9824049465131178,-2.0233910034602074,422.71359999999993,8690.991615999996,22.968864774624375,24.935658920212898,28.110283921217903,32.58744813067285,34.309443516972735,11.34057874234836,28.629476590093724,3.8207597217139213,14.598204851071442,7.651789210459949,0.0037865749865838043,-1.4788431275036,834.0170377229981,24700.499793575003,51.91485809682804,61.49898164745254,70.92088761419163,87.57004302366713,95.0,43.08514190317196,73.11703108601615,14.128450053195932,199.61310090565215,26.071061376214587,0.06351528713608465,-1.4578492313694515,5542.594381037453,434171.31016768207,22.43,35.26,28.879791666666666,72.29166666666667,0.7946949404761909,-8.954989781262725
timeseries_table_timeseries_table (6),2025-06-25,0.0,0.0,14.09,9.91,0.0,0.0,0.0,0,18,0,19.870654925080725,20.56,29.599602666948474,70.21125627892117,0.6893450749192738,2,0,6,1.2246467991473532e-16,-1.0,18.8,19.49,19.84338386047988,20.23,20.54,1.7399999999999984,19.87065492508073,0.4240396432734866,0.17980961906750578,0.740000000000002,-0.058311015813156994,-1.1687101476050672,395.01914057832107,7856.287537618037,20.56,20.56,20.56,20.56,20.56,0.0,20.56,0.0,0.0,0.0,,,422.71359999999993,8690.991615999998,23.409548997772827,24.83620049161509,31.579680209106655,33.220825919851066,34.4942,11.084651002227172,29.59960266694848,4.243337645127923,18.00591437055979,8.384625428235974,-0.2632463827193953,-1.7062677251853546,893.7236502171191,27474.89817161383,50.11444444444445,53.68279761904762,62.11665429349171,90.9205838780268,95.5924276169265,45.47798317248205,70.21125627892118,17.502849913284418,306.3497550869604,37.237786258979185,0.21321308723536087,-1.818649844686148,5228.845850442308,410285.05766646645,22.43,35.26,29.23,71.77083333333333,0.7796577380952384,-9.359345074919275
timeseries_table_timeseries_table (6),2025-06-26,0.0,0.0,18.799166666666668,5.200833333333334,0.0,0.0,0.0,0,24,0,20.01577720429836,20.560000000000002,28.291474115346464,77.90443628268082,0.5442227957016428,3,0,6,1.2246467991473532e-16,-1.0,18.84,19.8,20.077406593406593,20.267251046408717,20.94,2.1000000000000014,20.015777204298363,0.4205744637849212,0.17688287958797397,0.46725104640871606,-0.6040399409034739,0.21979757463916494,400.8053670220272,8029.352681213805,20.56,20.56,20.56,20.56,20.56,0.0,20.560000000000002,3.571561098479145e-15,1.2756048680169553e-29,0.0,-0.9842521507485253,-2.020941828254848,422.7136000000001,8690.991616,24.04410913140312,25.19713674620773,27.610155030870832,31.336395324754754,33.0,8.955890868596882,28.291474115346464,3.14091179693597,9.865326916131544,6.139258578547025,0.09660078546232198,-1.5889933561351919,810.037945799352,23465.079444704326,59.05902004454342,66.8702141660597,79.24950779749246,91.76233735787129,93.96993318485524,34.91091314031181,77.90443628268082,12.512938319676621,156.5736253920316,24.892123191811592,-0.11077381179235077,-1.548339216029701,6221.946874452595,508314.94959113287,22.43,33.86,28.248958333333334,77.91666666666667,0.8361309523809526,-8.233181129034975
timeseries_table_timeseries_table (6),2025-06-27,0.0,0.0,16.726388888888888,7.273611111111111,0.0,0.0,0.0,0,21,0,20.137009954467764,20.56,27.50619749158023,73.76433498737781,0.4229900455322344,4,0,6,1.2246467991473532e-16,-1.0,19.03,19.90341463414634,20.202288966605458,20.461997885835096,20.81,1.7799999999999976,20.137009954467764,0.42151323742705915,0.17767340932624032,0.5585832516887557,-0.6397953936564189,-0.43543922861036144,405.67423047140517,8176.0684945958665,20.56,20.56,20.56,20.56,20.56,0.0,20.56,0.0,0.0,0.0,,,422.7136,8690.991615999996,22.95,24.24,25.85815060300078,30.978290206109914,32.97915555555556,10.029155555555558,27.50619749158023,3.4999500881729806,12.249650619702056,6.738290206109916,0.25096160971895126,-1.534162829017414,768.6094255821259,21813.450024560312,53.135555555555555,64.27303622913884,73.0,87.0,92.0,38.864444444444445,73.76433498737781,12.096159128472145,146.31706566132,22.72696377086116,-0.07043122361211762,-1.3130096407950234,5584.733482439311,433008.1767745459,21.88,33.59,26.828958333333333,77.33333333333333,0.3886607142857145,-6.691948378865568
timeseries_table_timeseries_table (6),2025-06-28,0.0,0.2275,16.973333333333333,6.799166666666666,0.2275,0.2275,0.013226103386463836,0,21,0,20.569878168530888,20.56,25.303035111535312,84.01395855647087,-0.009878168530889297,5,1,6,1.2246467991473532e-16,-1.0,20.18,20.46,20.57791168583079,20.72,21.02,0.8399999999999999,20.569878168530884,0.17019590471118803,0.0289666459804598,0.259999999999998,0.07807451251146887,-0.5224283575480779,423.1483873102166,8705.28361918934,20.56,20.56,20.56,20.56,20.56,0.0,20.56,0.0,0.0,0.0,,,422.7135999999999,8690.991615999998,22.33359688195991,22.8,24.611876321948458,26.85592974541894,30.7497,8.416103118040091,25.303035111535312,2.9163279203718657,8.504968539140492,4.05592974541894,0.7871507694335456,-0.9148889394019317,648.5411161376772,16849.48795178172,65.37,79.87857602461884,88.0,91.85172729522395,93.93652561247217,28.566525612472162,84.01395855647087,9.223813190290125,85.07872976937009,11.973151270605115,-0.8992138030458336,-0.6768650309082944,7141.348871127789,613214.2583259152,21.32,31.64,24.830212765957448,86.06382978723404,-0.1483928571428572,-4.26033459742656
timeseries_table_timeseries_table (6),2025-06-29,0.0,0.0,18.220555555555556,5.779444444444445,0.0,0.0,0.0,0,22,0,20.234313368784058,20.559999999999995,25.96027700943057,80.95329104856853,0.32568663121593744,6,1,6,1.2246467991473532e-16,-1.0,19.53,19.85,20.361669714537697,20.573155209415024,20.98,1.4499999999999993,20.23431336878405,0.3940833633570342,0.15530169727479226,0.7231552094150224,-0.2690165348449422,-1.2463835764521758,409.5808452802904,8293.778910902807,20.56,20.56,20.56,20.56,20.56,0.0,20.559999999999995,3.570258050579764e-15,1.2746742547729617e-29,0.0,0.985330220589095,-2.019511726259131,422.7135999999999,8690.991615999998,21.416041202672606,23.326681252643457,26.145577565681762,28.009771556453977,29.338530066815142,7.922488864142537,25.96027700943057,2.423146964356904,5.871641210872079,4.68309030381052,-0.22444716859339645,-1.4163335740497842,679.7225273678083,17943.03231971903,65.0,73.4024711221122,81.39195103337642,90.3866103739445,96.0,31.0,80.95329104856853,9.8908786187699,97.82947985123957,16.984139251832303,-0.09238805233039106,-1.3569014469444227,6649.846992896917,553847.2851182782,20.69,30.14,25.576458333333335,82.5625,-0.5692629179331308,-5.342144964549277
timeseries_table_timeseries_table (6),2025-06-30,0.0,0.0,21.023055555555555,2.9769444444444444,0.0,0.0,0.0,0,24,0,20.10829193095865,20.560000000000002,27.09906396350269,77.15009876052798,0.4517080690413522,0,0,6,1.2246467991473532e-16,-1.0,19.27,19.799350837320574,20.22027856277755,20.397323008849558,20.92,1.6500000000000021,20.108291930958654,0.4025719938780885,0.16206421025497972,0.5979721715289834,-0.19255936037252216,-1.2974714323820005,404.503049722102,8140.273237981075,20.56,20.56,20.56,20.56,20.56,0.0,20.56,0.0,0.0,0.0,,,422.71360000000004,8690.991615999996,22.95,24.911816052926657,26.432288593905124,29.752461973425117,31.140484409799555,8.190484409799556,27.099063963502687,2.628167312495891,6.907263422471874,4.84064592049846,0.1275905902856709,-1.3921251531765222,741.1568920185377,20455.392744953653,59.31069042316258,67.4564194945408,80.20413087934561,86.59932951643559,92.0,32.68930957683742,77.15009876052798,10.07839999785184,101.57414651669995,19.142910021894792,-0.3450933026182418,-1.3111897954886989,6052.099597235975,481990.94244557415,21.88,32.14,26.659583333333334,78.52083333333333,-0.6754312310030391,-6.551291402374684
timeseries_table_timeseries_table (6),2025-07-01,0.0,0.0,19.695,4.305,0.0,0.0,0.0,0,15,0,20.442294430380386,20.559999999999995,25.383799983536083,82.48183251639247,0.11770556961960921,1,0,7,-0.4999999999999997,-0.8660254037844388,19.84,20.29,20.418992914603752,20.67,20.97,1.129999999999999,20.44229443038038,0.23272376170161857,0.05416034926055175,0.38000000000000256,-0.18964575043281207,-0.8363162663942307,417.940985753693,8545.861061907372,20.56,20.56,20.56,20.56,20.56,0.0,20.559999999999995,3.571561098479145e-15,1.2756048680169553e-29,0.0,0.9842521507485253,-2.020941828254848,422.7135999999999,8690.991616,22.30297161936561,23.13036323862581,24.658495335399568,27.095035041008547,30.357984409799553,8.055012790433942,25.383799983536083,2.5325561664051888,6.4138407359969465,3.9646718023827354,0.6480807213561158,-0.9882000815206897,650.6442449945635,16846.538796545006,54.82071269487751,72.19751774914457,87.9060058906155,92.94371229179491,94.825069637883,40.0043569430055,82.48183251639247,12.40496388507539,153.8831289900247,20.746194542650343,-0.8146780909250252,-0.8172509085884041,6954.5711054357425,597032.6577220244,20.77,31.14,25.57875,81.625,-0.6209447821681862,-5.1364555696196135
timeseries_table_timeseries_table (6),2025-07-02,0.0,0.24138888888888888,22.40888888888889,1.3497222222222223,0.24138888888888888,0.24138888888888888,0.010657215388577525,0,24,0,20.438750081023603,20.56,25.871389638894065,69.94525783047429,0.12124991897639603,2,0,7,-0.4999999999999997,-0.8660254037844388,19.52,20.132970882620565,20.545788197432085,20.725508683309084,20.96,1.4400000000000013,20.438750081023603,0.37273697374425524,0.1389328515960256,0.5925378006885182,-0.5193873434988241,-0.8246262775183641,417.8799597170787,8546.535974186765,20.56,20.56,20.56,20.56,20.56,0.0,20.56,0.0,0.0,0.0,,,422.71359999999993,8690.991615999996,19.188903728436284,22.349136165868643,26.357196436525616,29.830376297605234,30.92220489977728,11.733301171340997,25.871389638894065,3.8347082727108663,14.704987536797155,7.481240131736591,-0.15404321306157706,-1.5438977210691895,683.860789530898,18435.66798117753,48.03895381190874,51.733000410463795,68.56344221727295,86.81084147140923,96.89092932665554,48.8519755147468,69.9452578304743,16.53064039240675,273.2620717830696,35.07784106094544,0.010232287653690409,-1.604413678659337,5162.386316851265,398907.70861353585,18.54,31.64,25.419583333333335,71.9375,-0.5494642857142857,-4.980833252309733
timeseries_table_timeseries_table (6),2025-07-03,0.0,0.0,18.418055555555554,5.581944444444445,0.0,0.0,0.0,0,19,0,20.475151636762767,20.56,26.04856715025444,70.28345396958164,0.08484836323723144,3,0,7,-0.4999999999999997,-0.8660254037844388,19.64,20.21,20.51661027976578,20.67,20.96,1.3200000000000003,20.475151636762764,0.31849421288379415,0.10143856364046759,0.46000000000000085,-0.43555579831982766,-0.6683694481968998,419.33214601691765,8589.982989161424,20.56,20.56,20.56,20.56,20.56,0.0,20.56,0.0,0.0,0.0,,,422.7135999999999,8690.991616,19.85735670562048,21.441149239896294,25.519633994089457,30.231527517852715,31.84417362270451,11.986816917084031,26.04856715025444,4.346921563803116,18.895727081856528,8.790378277956421,-0.021175814406909257,-1.6296354189158517,697.1902970819136,19131.328907561438,44.218819599109125,51.52633488852699,74.45206213010903,90.65731508993119,92.77295492487478,48.55413532576566,70.28345396958164,18.517403818165768,342.8942441650201,39.1309802014042,-0.09298507086968175,-1.6867825663554503,5278.42488378568,418000.0496679271,18.59,32.19,26.042083333333334,70.16666666666667,-0.32711325354609916,-5.566931696570567
timeseries_table_timeseries_table (6),2025-07-04,0.0,0.0,21.246111111111112,2.753888888888889,0.0,0.0,0.0,0,20,0,20.20875050454553,20.56,26.478249404994425,70.80246739610944,0.3512494954544678,4,0,7,-0.4999999999999997,-0.8660254037844388,19.33,19.92,20.213546255506607,20.5,21.04,1.7100000000000009,20.208750504545534,0.41083123136537375,0.16878230066518926,0.5799999999999983,-0.26556564433993424,-1.0241121492561205,408.560416670743,8263.219547964754,20.56,20.56,20.56,20.56,20.56,0.0,20.559999999999995,3.572842529279861e-15,1.2765203739030917e-29,0.0,0.9831934989550353,-2.0223456634263344,422.7136,8690.991615999998,20.602577951002225,21.982381523881177,26.15613228292933,31.066009928011937,33.13744160177975,12.534863650777524,26.478249404994436,4.481285693308386,20.081921465050424,9.08362840413076,0.09008701948743542,-1.607460406838335,720.8333729928787,20139.64560582113,42.14468558708959,51.24734229470543,73.86973798536127,90.2107496809794,92.85913140311804,50.71444581602845,70.80246739610944,17.746851018512324,314.95072107327195,38.96340738627397,-0.1780940278205814,-1.6073407240429343,5322.509925604319,419681.03499735927,19.65,34.14,26.985416666666666,68.79166666666667,-0.04212829280648415,-6.776666162121135
timeseries_table_timeseries_table (6),2025-07-05,0.0,0.0,21.010833333333334,2.9891666666666667,0.0,0.0,0.0,0,21,0,20.0040302979221,20.56,27.964034891658986,70.85822135341728,0.5559697020778991,5,1,7,-0.4999999999999997,-0.8660254037844388,18.91,19.484530332681015,20.11735776112934,20.5,20.83,1.9199999999999982,20.0040302979221,0.5694747379819569,0.32430147719961844,1.0154696673189854,-0.31132375164998155,-1.1584400262690615,400.4808967591392,8023.963817449317,20.56,20.56,20.56,20.56,20.56,0.0,20.56,0.0,0.0,0.0,,,422.7136,8690.991615999998,21.469175946547885,22.78113840363731,26.976299439922762,32.63021324823251,34.059409799554565,12.59023385300668,27.964034891658986,4.5915851052612835,21.08265377885727,9.849074844595197,-0.014737469626822389,-1.6549716051035885,802.6306792470525,23597.91298695254,46.45100222717149,56.15758672108739,71.66424372781727,85.28260485788907,90.41703786191538,43.96603563474388,70.85822135341728,14.902863384068125,222.09533704419843,29.12501813680168,-0.18403245246092798,-1.6691450270463488,5238.355884225658,401390.3008542702,20.26,34.41,27.9325,71.29166666666667,0.21988791793313048,-7.928469702077901
timeseries_table_timeseries_table (6),2025-07-06,0.0,0.0,20.38722222222222,3.6127777777777776,0.0,0.0,0.0,0,17,0,19.9652555949788,20.559999999999995,28.01714646405259,73.0545599031641,0.5947444050211956,6,1,7,-0.4999999999999997,-0.8660254037844388,19.06,19.792620137963016,20.05113989637306,20.28427619400222,20.51,1.4500000000000028,19.9652555949788,0.4034846965122788,0.16279990031960573,0.49165605603920426,-0.5402133481197194,-0.8291493689329736,398.7712708749641,7967.917350814687,20.56,20.56,20.56,20.56,20.56,0.0,20.56,0.0,0.0,0.0,,,422.71359999999993,8690.991615999998,23.63079064587973,24.865558430464702,27.891115441722345,31.652846906534208,32.94738307349666,9.316592427616929,28.01714646405259,3.340579762555946,11.159473149998341,6.787288476069506,0.14140775486011137,-1.620302271773679,795.8663447484001,22914.277025957905,51.15924276169265,60.022470382801636,75.49968077208611,88.2448440175252,92.0,40.84075723830735,73.0545599031641,14.278461000830271,203.87444855223097,28.22237363472356,-0.11655206295223469,-1.5193342320303942,5536.209661002855,433216.99383635656,21.88,33.86,28.163191489361704,72.63829787234043,0.29225446428571417,-8.197935894382905
timeseries_table_timeseries_table (6),2025-07-07,0.0,0.0,21.288055555555555,2.7119444444444443,0.0,0.0,0.0,0,23,0,20.26048550016363,20.56,26.582941132251765,79.4174705954435,0.2995144998363699,0,0,7,-0.4999999999999997,-0.8660254037844388,19.28,20.111886194844914,20.38,20.47,20.77,1.4899999999999984,20.260485500163625,0.3295889635368809,0.10862888488531541,0.3581138051550852,-1.0101745139937721,0.30944794338521175,410.5940911058111,8323.127847572985,20.56,20.56,20.56,20.56,20.56,0.0,20.56,0.0,0.0,0.0,,,422.7135999999999,8690.991615999996,22.78133407448583,23.609881681514477,25.50537444206148,29.306143279060812,32.44540645879733,9.664072384311499,26.582941132251765,3.2633255353513033,10.64929354967587,5.696261597546336,0.4675130903093624,-1.1946274366698764,717.0972586837141,19634.092308460702,53.09187082405345,69.98909322062633,84.0,90.572568671121,96.0,42.90812917594655,79.41747059544349,13.38371517403649,179.1238318597346,20.583475450494674,-0.4803217129208219,-1.1503701700714712,6482.813778563642,541601.1633652907,21.81,33.14,26.48375,79.72916666666667,0.3851484929078016,-6.223264499836372
timeseries_table_timeseries_table (6),2025-07-08,0.0,0.8577777777777778,14.150555555555556,8.991666666666667,0.8577777777777778,0.8577777777777778,0.05715343327780863,0,23,0,20.62268679835109,20.56,23.679026487906853,89.32365362365283,-0.06268679835109126,1,0,7,-0.4999999999999997,-0.8660254037844388,20.36,20.44646788980554,20.590377008622966,20.8151708428246,20.99,0.629999999999999,20.62268679835109,0.1811403503539102,0.03281182652633734,0.36870295301906,0.4116054219611996,-1.2258263916816141,425.32737924026316,8772.72257527372,20.56,20.56,20.56,20.56,20.56,0.0,20.56,0.0,0.0,0.0,,,422.71359999999993,8690.991615999998,21.381605555555556,21.839549309801743,23.1,25.377581243699037,30.872757087270706,9.49115153171515,23.679026487906853,2.1960741213715944,4.82274154655802,3.538031933897294,1.1556478783474513,1.345282155430704,565.4164254392853,13624.2862622402,65.16675931072818,83.14517465132937,91.5265278079982,95.0883532238864,97.0,31.83324068927182,89.32365362365283,7.384271833854789,54.52747051626117,11.94317857255703,-1.0731495312133938,0.826242638594227,8032.0824082474155,726556.7744114539,20.21,31.32,24.552916666666665,86.60416666666667,0.3604511778115503,-3.9302298683155747
timeseries_table_timeseries_table (6),2025-07-09,0.0,0.0,14.175277777777778,9.824722222222222,0.0,0.0,0.0,0,18,0,20.502113929007862,20.560000000000002,25.07314413361595,85.23719022272087,0.05788607099214005,2,0,7,-0.4999999999999997,-0.8660254037844388,19.85,20.435575801749273,20.51,20.632744414029172,20.83,0.9799999999999969,20.502113929007862,0.21059366139827948,0.04434969022113319,0.19716861227989924,-0.44347884571585977,-0.027372114843915885,420.3799938600945,8620.450619136442,20.56,20.56,20.56,20.56,20.56,0.0,20.56,0.0,0.0,0.0,,,422.7136,8690.991615999998,22.81134593993326,23.18278342627515,24.614956293381635,27.03170237423111,27.65170283806344,4.840356898130178,25.07314413361595,1.803217712664534,3.251594119267114,3.8489189479559585,0.08259844109369709,-1.7357361132797615,631.8550309712693,16003.167298017133,73.7195325542571,77.39849487629785,86.60281451196535,92.83387477696947,95.0,21.2804674457429,85.23719022272086,7.758769049872866,60.19849716926509,15.43537990067162,-0.09089887177471223,-1.6978665135246884,7324.482576103217,634351.5730368749,21.88,29.14,25.019791666666666,85.39583333333333,-0.01924613728470145,-4.517677737658804
timeseries_table_timeseries_table (6),2025-07-10,0.0,0.0,9.743055555555555,14.256944444444445,0.0,0.0,0.0,0,23,0,20.165673500556892,20.559999999999995,25.786868058127588,83.29724195398263,0.3943264994431033,3,0,7,-0.4999999999999997,-0.8660254037844388,19.37,19.79002014292731,20.318182720953327,20.52565343063967,20.72,1.3499999999999979,20.165673500556895,0.43116555317934174,0.18590373424844775,0.7356332877123606,-0.25607450201936705,-1.3118535296650515,406.83729301798456,8211.504309721206,20.56,20.56,20.56,20.56,20.56,0.0,20.559999999999995,3.576010411559608e-15,1.278785046358272e-29,0.0,0.9805828665318274,-2.0258053634677013,422.7135999999998,8690.991616,22.67052309404563,22.95836076589595,24.378446300394632,28.7583284556235,31.179377431906616,8.508854337860985,25.786868058127585,3.1632703029994804,10.006279009838424,5.7999676897275485,0.6298086838104852,-1.2525231722365435,674.7800455399527,17926.723252560707,58.023346303501945,70.86276542523623,91.4717420773139,93.7815965127176,96.7488888888889,38.725542585386954,83.29724195398263,14.091150207848914,198.56051418016048,22.918831087481365,-0.8108510405552892,-1.035237991500029,7133.244606524632,624365.8371352247,21.32,32.45,26.05042553191489,81.91489361702128,-0.33502232142857163,-5.884752031357998
timeseries_table_timeseries_table (6),2025-07-11,0.0,0.10694444444444444,9.853333333333333,14.039722222222222,0.10694444444444444,0.10694444444444444,0.010737094570097888,0,12,0,19.748045360698317,20.560000000000002,27.0159739535559,76.96138126263459,0.8119546393016854,4,0,7,-0.4999999999999997,-0.8660254037844388,18.74,19.0989,19.759765541740673,20.239376826840797,20.97,2.2300000000000004,19.748045360698313,0.6151310845830251,0.3783862512202888,1.1404768268407963,-0.11404985564354854,-1.506033544438148,390.3539796078489,7723.263128383673,20.56,20.56,20.56,20.56,20.56,0.0,20.56,0.0,0.0,0.0,,,422.71359999999993,8690.991615999996,21.77785992217899,23.55486346058605,26.15843228217064,31.20427699619978,32.37914952751528,10.60128960533629,27.015973953555903,3.5903669022531295,12.890734492794733,7.649413535613732,0.18836960158583835,-1.4627175762702986,742.5313291090264,20753.4279324045,54.0,62.06774596998332,77.70891251312457,91.91052973935838,95.89494163424125,41.89494163424125,76.96138126263456,14.765399516635567,218.01702288586185,29.84278376937506,-0.12768985968947177,-1.5693150986684496,6137.312314550774,504904.1854466842,21.32,33.56,27.144583333333333,76.02083333333333,-0.43716660334346563,-7.3965379726350164
timeseries_table_timeseries_table (6),2025-07-12,0.0,0.0,15.515277777777778,8.484722222222222,0.0,0.0,0.0,0,20,0,19.3325021419077,20.56,27.13685070454608,76.06374813165866,1.227497858092299,5,1,7,-0.4999999999999997,-0.8660254037844388,18.9,19.140109375,19.36,19.47957142857143,19.75,0.8500000000000014,19.3325021419077,0.23457790493986638,0.055026793485976985,0.33946205357142745,0.07421522554294407,-0.9839668792589005,373.7988316339022,7228.524362012661,20.56,20.56,20.56,20.56,20.56,0.0,20.560000000000002,3.582197285409491e-15,1.2832137391595125e-29,0.0,-0.9755108924861601,-2.0325181402848695,422.7136,8690.991615999998,22.60685936631462,23.905980045010484,25.448995663556513,31.31427988929035,32.8792607003891,10.272401334074484,27.13685070454608,3.7019951099730815,13.704767794264608,7.408299844279867,0.3261316015957558,-1.6529123692856196,749.895897958353,21098.36129964108,53.181211784324624,61.15644918473226,81.52136811461654,88.98994783884748,91.33185102834909,38.15063924402447,76.06374813165866,13.384032351016888,179.13232197306664,27.833498654115225,-0.3977639422602687,-1.5467275296735465,5961.982731619426,479355.505576909,21.83,33.59,27.183333333333334,75.85416666666667,-0.2876157231509631,-7.850831191425634
timeseries_table_timeseries_table (6),2025-07-13,0.0,0.0,13.643055555555556,10.356944444444444,0.0,0.0,0.0,0,19,0,19.29020347871069,20.56,25.785659540010357,81.97544835295903,1.269796521289308,6,1,7,-0.4999999999999997,-0.8660254037844388,18.84,19.118294483294484,19.31884489647657,19.45298561151079,19.71,0.870000000000001,19.290203478710694,0.23815516859212602,0.05671788432714397,0.3346911282163063,-0.17604352938044016,-0.9939528627065948,372.1673491138236,7181.318825311243,20.56,20.56,20.56,20.56,20.56,0.0,20.56,0.0,0.0,0.0,,,422.7136,8690.991615999998,21.720383546414674,22.860401813069814,24.4483247263814,29.854316917390893,31.49374652584769,9.773362979433017,25.785659540010357,3.3622502951284354,11.304727047091252,6.993915104321079,0.539534336036244,-1.348967933766847,676.0283286003078,18026.233970487217,60.0,69.66240847092605,86.81329927284577,91.40130532736903,95.59488035614913,35.59488035614913,81.97544835295903,12.254826862008722,150.18078141781055,21.738896856442977,-0.6854405456998673,-1.1842361938904544,6867.808339376812,585967.70673864,20.77,32.48,25.686875,82.1875,-0.0042999620060793576,-6.39667152128931
timeseries_table_timeseries_table (6),2025-07-14,0.0,0.0,11.208055555555555,12.791944444444445,0.0,0.0,0.0,0,9,0,19.277485573290644,20.56,25.891909110251728,82.5609517638918,1.282514426709355,0,0,7,-0.4999999999999997,-0.8660254037844388,18.82,19.078761165048544,19.3437061668682,19.48,19.58,0.759999999999998,19.277485573290644,0.21969050624249878,0.0482639185330854,0.4012388349514566,-0.4169883518474333,-1.2931641211883302,371.66804967390897,7166.617692249289,20.56,20.56,20.56,20.56,20.56,0.0,20.559999999999995,3.629124865193839e-15,1.3170547287168197e-29,0.0,0.9381556349403706,-2.0815972222222223,422.7136,8690.991616,21.753300000000003,22.67,25.355758436544917,29.46757674559941,30.866964980544743,9.11366498054474,25.891909110251728,3.4779694607135045,12.096271569655785,6.797576745599407,0.18955030196904113,-1.7237476892912922,682.235223285491,18285.688175046245,63.43055555555556,70.10363790994998,87.39019490267998,93.0,95.59488035614913,32.164324800593576,82.56095176389181,11.595265283599563,134.45017699704925,22.89636209005002,-0.35781501875673966,-1.6328452900200912,6947.959887802614,594810.5079539043,20.79,31.83,25.997291666666666,82.4375,0.1783928571428573,-6.719806093376022
timeseries_table_timeseries_table (6),2025-07-15,0.0,0.0,15.561944444444444,8.438055555555556,0.0,0.0,0.0,0,23,0,19.130187859737294,20.560000000000002,27.671290480046963,77.12822808322807,1.4298121402627082,1,0,7,-0.4999999999999997,-0.8660254037844388,18.6,19.06,19.091660007473624,19.290317662007624,19.46,0.8599999999999994,19.130187859737294,0.19893989659061095,0.03957708245548298,0.23031766200762505,-0.3150422368712987,-0.2799944605496534,366.0024653257666,7003.161786500718,20.56,20.56,20.56,20.56,20.56,0.0,20.56,0.0,0.0,0.0,,,422.71359999999993,8690.991615999998,22.788688160088938,24.12413027094848,28.089853346392427,30.593653728395065,32.174958310172315,9.386270150083377,27.671290480046956,3.1504327681620268,9.92522662670905,6.469523457446584,-0.051163440677205206,-1.58088054977131,775.4097776616139,21992.33600352646,59.06336853807671,67.15265787037036,75.85652900206769,90.96824572908749,96.10783768760422,37.04446914952751,77.12822808322807,12.375919268956272,153.16337775172315,23.815587858717123,0.14796863637699575,-1.3850119168478487,6098.597306363397,493767.30575503444,21.88,33.14,27.305833333333336,78.77083333333333,0.24286426671732553,-8.175645473596042
timeseries_table_timeseries_table (6),2025-07-16,0.0,0.0,7.2363888888888885,16.76361111111111,0.0,0.0,0.0,0,13,0,18.957581689703,20.560000000000002,29.140128157168892,73.80816571811148,1.6024183102970007,2,0,7,-0.4999999999999997,-0.8660254037844388,18.51,18.79,18.984953173777313,19.08903853955375,19.31,0.7999999999999972,18.957581689702998,0.19029299809288688,0.03621142512317945,0.29903853955375226,-0.25799420076429475,-0.8030130842098826,359.4248216817026,6815.147568295405,20.56,20.56,20.56,20.56,20.56,0.0,20.56,0.0,0.0,0.0,,,422.71359999999993,8690.991615999998,23.68,25.05587137678577,30.051172511972798,32.57589567147614,33.36044444444445,9.680444444444447,29.14012815716889,3.6193768732047427,13.099888950289339,7.520024294690369,-0.2962185166463186,-1.6048958789594223,861.9796132940616,25852.035632516243,57.0,62.457536553766424,72.85801061763978,83.78201589174658,92.0,35.0,73.80816571811148,11.991806449527417,143.80342192292736,21.324479337980158,0.10192670925280395,-1.608237695937942,5588.513984882423,433448.2496722062,22.99,34.15,28.478333333333335,76.58333333333333,0.18907674772036526,-9.520751643630334
timeseries_table_timeseries_table (6),2025-07-17,0.0,0.0,13.661666666666667,10.338333333333333,0.0,0.0,0.0,0,15,0,18.90538375849393,20.560000000000002,29.122274742444667,75.6168196103073,1.6546162415060728,3,0,7,-0.4999999999999997,-0.8660254037844388,18.35,18.881243055555554,18.91,18.99267918932279,19.25,0.8999999999999986,18.905383758493926,0.20831021081708673,0.043393143930659114,0.11143613376723494,-0.672554240584338,0.217124158005789,357.4553210463778,6759.403901892058,20.56,20.56,20.56,20.56,20.56,0.0,20.560000000000002,3.5968484601974254e-15,1.2937318845624592e-29,0.0,-0.9636386308776488,-2.0481856038072572,422.7136,8690.991615999998,24.64859366314619,26.340591107666288,28.348059754259047,32.13270852026943,33.9003170189099,9.251723355763712,29.12227474244466,3.004008185152473,9.024065176463056,5.792117412603144,0.1441424252743919,-1.4987928327204698,856.9258589605197,25473.194860969397,56.0,64.37342006902537,77.44637970540099,85.10876030490581,90.87437465258478,34.87437465258478,75.61681961030732,11.071902166948222,122.58701759447274,20.735340235880443,-0.3563734866999957,-1.4199518526618582,5837.704356990535,459062.8752374987,23.54,34.41,28.89125,76.25,0.22929220491388122,-9.98586624150607
timeseries_table_timeseries_table (6),2025-07-18,0.0,0.0,10.297222222222222,13.702777777777778,0.0,0.0,0.0,0,24,0,18.9955013829117,20.56,27.9881678738986,79.57633120156473,1.5644986170882973,4,0,7,-0.4999999999999997,-0.8660254037844388,18.64,18.921843643448614,18.990977995110025,19.195866914307047,19.6,0.9600000000000009,18.995501382911705,0.21856375481496035,0.047770114918814104,0.27402327085843226,-0.05229475736329742,-0.6736072504906008,360.87525056595547,6856.7601152666975,20.56,20.56,20.56,20.56,20.56,0.0,20.56,0.0,0.0,0.0,,,422.71360000000004,8690.991616,24.126531406336852,24.926996035265876,26.91160268165441,31.335857192460317,34.04914858096828,9.922617174631426,27.9881678738986,3.4338822884164686,11.791547570700324,6.4088611571944405,0.4925857744084787,-1.3702418819298272,794.8834312671737,22913.5727334392,54.150250417362265,68.80090142496393,81.55910273853131,91.60228711040111,94.69003895381191,40.53978853644964,79.57633120156473,12.862028904954379,165.43178755188194,22.801385685437182,-0.44145408978224854,-1.31075053082224,6494.377779479009,541639.8267102652,23.54,34.15,28.00488888888889,79.64444444444445,0.33746279761904774,-9.009387505977188
timeseries_table_timeseries_table (6),2025-07-19,0.0,0.0,7.534722222222222,16.46527777777778,0.0,0.0,0.0,0,12,0,19.085740031653646,20.56,27.10652463389765,82.18262249832608,1.4742599683463524,5,1,7,-0.4999999999999997,-0.8660254037844388,18.67,18.95,19.17,19.235505555555555,19.47,0.7999999999999972,19.085740031653646,0.23470743313531128,0.055087579168966616,0.2855055555555559,-0.4559968015065,-0.8537976104594907,364.31878311635273,6955.322630409507,20.56,20.56,20.56,20.56,20.56,0.0,20.56,0.0,0.0,0.0,,,422.71359999999993,8690.991615999996,24.042266666666666,24.560201604474386,25.90784641073159,28.985779260662408,32.67977777777778,8.637511111111113,27.106524633897653,3.075178145297908,9.456720625317882,4.425577656188022,0.7898222890454624,-0.9959200075511938,744.0274040549422,20693.18090950912,63.251111111111115,72.11845503080234,87.05500699876033,91.30655668712798,94.99666666666667,31.745555555555555,82.18262249832608,11.01832323661998,121.40344694663978,19.188101656325642,-0.5063018662046738,-1.3772058288549152,6872.909266282757,583703.7191742618,22.99,33.59,27.243617021276595,81.61702127659575,0.40551636904761906,-8.157876989622949
timeseries_table_timeseries_table (6),2025-07-20,0.0,0.0,14.556666666666667,9.443333333333333,0.0,0.0,0.0,0,18,0,18.987261893291677,20.560000000000002,29.101021930560645,76.13149130874707,1.572738106708325,6,1,7,-0.4999999999999997,-0.8660254037844388,18.52,18.807579952267304,18.994,19.17,19.45,0.9299999999999997,18.987261893291677,0.22960152950013576,0.05271686234880171,0.362420047732698,-0.5035287067855652,-0.46139934883608014,360.56680349516614,6848.095135018801,20.56,20.56,20.56,20.56,20.56,0.0,20.560000000000002,3.592858610427865e-15,1.2908632994525647e-29,0.0,-0.9668525435028419,-2.0439506172839503,422.7136,8690.991615999998,24.99952222222222,25.68357901169573,29.120752634400816,32.55833837646077,32.988324986087925,7.988802763865703,29.10102193056064,3.2427653752758716,10.515527279088063,6.874759364765037,-0.024658296614036852,-1.8429942327159439,857.1221165000819,25539.01322704191,58.518353726362626,62.03933995660614,75.96995321985146,90.17093394356255,95.98720089037283,37.46884716401021,76.13149130874707,13.689007170678872,187.3889173188976,28.131593986956403,0.06125359867480816,-1.743191092825833,5978.708163279755,483144.1799296658,23.54,33.59,28.506086956521738,78.69565217391305,0.3668156133907462,-9.51882506323006
timeseries_table_timeseries_table (6),2025-07-21,0.0,0.0,7.888333333333334,16.111666666666668,0.0,0.0,0.0,0,18,0,19.10423092541793,20.560000000000002,27.771536421287855,81.68533725801407,1.4557690745820722,0,0,7,-0.4999999999999997,-0.8660254037844388,18.69,18.96,19.13,19.2337832017229,19.53,0.8399999999999999,19.104230925417934,0.20690270566960503,0.042808729613403214,0.2737832017228996,-0.06915083898383904,-0.5822494480758191,365.0128624728041,6974.864478813673,20.56,20.56,20.56,20.56,20.56,0.0,20.560000000000002,3.600403244586884e-15,1.2962903523631764e-29,0.0,-0.960787161485248,-2.051939058171745,422.7136,8690.991615999998,25.019999999999996,25.344306512558894,26.005048891532653,30.846607015064887,33.00018909899889,7.980189098998892,27.771536421287845,2.9512801909744897,8.710054765638422,5.502300502505992,0.7373445575797511,-1.175617511604344,779.8231223851287,22151.560438997483,63.35094549499444,69.23676047153153,86.70305195142082,90.48838559632068,92.53055555555557,29.179610060561124,81.68533725801407,10.572016352805049,111.76752976397736,21.251625124789157,-0.6283421398741413,-1.28146325667887,6782.399060556748,571235.3115994806,23.54,33.86,27.819166666666664,81.3125,0.2474467428931175,-8.714935741248734
timeseries_table_timeseries_table (6),2025-07-22,0.0,0.0,8.181111111111111,15.818888888888889,0.0,0.0,0.0,0,12,0,19.14975530574891,20.56,27.6737343566354,81.29721586580662,1.4102446942510873,1,0,7,-0.4999999999999997,-0.8660254037844388,18.73,19.01,19.161066666666667,19.331434357070535,19.88,1.1499999999999986,19.14975530574891,0.23505187817270032,0.055249385432513946,0.32143435707053314,-0.10020685979058397,-0.47875361512369974,366.76679910162153,7025.548722318238,20.56,20.56,20.56,20.56,20.56,0.0,20.56,0.0,0.0,0.0,,,422.7136,8690.991616,24.080555555555556,24.84121475253242,27.83452516682664,29.58448285262433,33.36204444444445,9.281488888888894,27.6737343566354,2.8543453239356755,8.147287228273456,4.74326810009191,0.41192230997994045,-1.1591830012527684,773.7888774406513,21863.40242157539,61.44888888888889,70.58834447918936,81.63039904031119,93.0,96.0,34.55111111111111,81.2972158658066,11.225156199762093,126.00413170905735,22.41165552081064,-0.22459785838658364,-1.4867893788411475,6732.2413408665925,566994.5736319451,22.99,34.1,27.607446808510637,81.42553191489361,-0.001861633298093349,-8.457691502761726
timeseries_table_timeseries_table (6),2025-07-23,0.0,0.0,15.207777777777778,8.792222222222222,0.0,0.0,0.0,0,22,0,18.984068040683425,20.559999999999995,28.611554065968047,76.5163129924143,1.57593195931657,2,0,7,-0.4999999999999997,-0.8660254037844388,18.39,18.85397222222222,18.9717,19.086798287345385,19.5,1.1099999999999994,18.984068040683425,0.23092347709662886,0.05332565227439728,0.23282606512316306,0.21316547963986376,-0.20680716328574222,360.44672379172704,6844.717709113626,20.56,20.56,20.56,20.56,20.56,0.0,20.55999999999999,7.164394570818982e-15,5.13285495663805e-29,0.0,0.9755108924861601,-2.0325181402848695,422.71360000000004,8690.991616,23.494235686492495,25.466419551829425,28.038522222222223,31.7946198014649,34.2034,10.709164313507507,28.611554065968043,3.6137918019741444,13.059491188015533,6.328200249635476,0.17497781228778533,-1.4814587841484337,831.4386748284206,24530.47625055184,53.0,63.34736885289291,82.85603773584906,88.59977777777777,94.82434685936633,41.82434685936633,76.5163129924143,14.383159885678905,206.87528829700284,25.25240892488486,-0.4104009928860046,-1.4595317015259672,6057.79041839276,493371.0281693865,22.43,35.16,28.69666666666667,75.97916666666667,-0.15198672048221123,-9.712598625983244
timeseries_table_timeseries_table (6),2025-07-24,0.0,0.0,8.522777777777778,15.477222222222222,0.0,0.0,0.0,0,17,0,18.916942253485463,20.56,28.774765541208712,75.65932330591097,1.6430577465145362,3,0,7,-0.4999999999999997,-0.8660254037844388,18.58,18.843621023385335,18.939791666666668,19.019601971190294,19.14,0.5600000000000023,18.916942253485463,0.15702099812402986,0.02465559385186659,0.175980947804959,-0.46410180268185647,-0.7388924698847212,357.8744115234843,6770.784719362341,20.56,20.56,20.56,20.56,20.56,0.0,20.56,0.0,0.0,0.0,,,422.71359999999993,8690.991616,24.923190661478596,26.18212110752462,28.03861604786036,31.49750780674685,34.0548998887653,9.131709227286702,28.774765541208712,2.89832604575483,8.40029386750083,5.3153866992222305,0.460927558357928,-1.3117699073707816,836.2227141745726,24547.288542435945,54.261957730812014,64.16283665288739,77.09549714868918,86.53028074343216,91.34574763757642,37.08378990676441,75.65932330591097,12.470744962719067,155.51947992518296,22.367444090544765,-0.3339957577243988,-1.412879558659374,5876.803281466386,467058.75939181884,24.02,34.97,29.169375000000002,73.625,-0.028681589834515187,-10.25243274651454
timeseries_table_timeseries_table (6),2025-07-25,0.0,0.0,9.681111111111111,14.318888888888889,0.0,0.0,0.0,0,15,0,18.903831032657976,20.56,28.634478199109992,74.79501681508788,1.6561689673420226,4,0,7,-0.4999999999999997,-0.8660254037844388,18.63,18.744222222222223,18.96,18.98,19.24,0.6099999999999994,18.903831032657976,0.1647063486916077,0.02712818129932146,0.23577777777777698,0.010876857790740645,-0.5670826816832637,357.3806640744248,6756.840549088503,20.56,20.56,20.56,20.56,20.56,0.0,20.56,0.0,0.0,0.0,,,422.7136,8690.991615999998,23.97886666666667,25.491655982905982,28.85025503505161,31.76808541643731,32.58629588431591,8.60742921764924,28.634478199109996,3.150196074688636,9.92373530898369,6.276429433531327,-0.1799901902309454,-1.5910940629612953,829.6829764248337,24310.26370304991,59.011111111111106,63.666811874333696,74.7808907816305,84.85159847368507,92.0,32.988888888888894,74.79501681508786,11.284094621356674,127.33079142373062,21.184786599351376,0.1742865339371683,-1.504568485554472,5719.391458259257,446745.6495519272,22.48,33.14,28.378541666666667,75.72916666666667,0.1964613384322281,-9.47471063400869
timeseries_table_timeseries_table (6),2025-07-26,0.0,0.0,13.315833333333334,10.684166666666666,0.0,0.0,0.0,0,23,0,19.014862030587377,20.560000000000002,28.64448166288184,73.84895072072953,1.5451379694126253,5,1,7,-0.4999999999999997,-0.8660254037844388,18.74,18.907666666666668,18.99,19.128024176740308,19.29,0.5500000000000007,19.014862030587373,0.15574189814408385,0.024255538837522187,0.22035751007364013,0.06239521062366874,-0.9682357644934139,361.58830067577105,6876.4388382450015,20.56,20.56,20.56,20.56,20.56,0.0,20.560000000000002,3.579526992615434e-15,1.2813013490862495e-29,0.0,-0.9776956868113661,-2.0296279795054577,422.7136,8690.991615999998,24.82062777777778,25.965362554062402,28.29289061302682,31.824309152775864,33.09534185658699,8.274714078809211,28.644481662881837,2.827737158475787,7.9960974374247185,5.858946598713462,0.23607072541999574,-1.4980081039012385,828.4105180066513,24187.550406943054,55.11450806003336,61.74373645709951,76.37726669901342,84.44795783926219,89.95611111111111,34.841603051077755,73.84895072072953,11.411566673661943,130.2238539474319,22.70422138216268,-0.2428819355454677,-1.447032536681077,5582.3945505927295,430905.75528073095,23.54,33.3,28.728333333333335,73.29166666666667,0.20031607225452674,-9.713471302745958
timeseries_table_timeseries_table (6),2025-07-27,0.0,0.0,11.654444444444444,12.345555555555556,0.0,0.0,0.0,0,13,0,19.05036623438064,20.56,28.577225707088466,74.60997127350564,1.509633765619359,6,1,7,-0.4999999999999997,-0.8660254037844388,18.57,18.939478672985782,19.06845758354756,19.153567407407404,19.39,0.8200000000000003,19.05036623438064,0.17444225257390625,0.030430099483058498,0.21408873442162246,-0.34126005771179146,-0.09612448862903733,362.94598876058717,6915.3775064918555,20.56,20.56,20.56,20.56,20.56,0.0,20.560000000000002,3.6017189410476056e-15,1.2972379330301085e-29,0.0,-0.959734628593437,-2.0533235938641345,422.71359999999993,8690.991615999998,24.48477462437396,25.29817707896806,27.9455155931766,31.989384978231488,33.02858333333333,8.543808708959372,28.577225707088466,3.1948657549221657,10.207167191974381,6.6912078992634285,0.11263267056508124,-1.71062594137707,826.675974691186,24200.36054099619,56.981100611450806,61.97894905533063,76.65260809545309,85.83653338437267,90.54090150250418,33.55980089105338,74.60997127350564,12.1539517186626,147.7185423795816,23.85758432904204,-0.22038288934530556,-1.6252281672848123,5711.630827250334,447383.3014252754,23.54,33.3,28.594347826086956,75.04347826086956,0.11955061864014864,-9.543981591706316
timeseries_table_timeseries_table (6),2025-07-28,0.0,0.0,13.62,10.38,0.0,0.0,0.0,0,18,0,19.030074639264072,20.560000000000002,29.203559321778904,75.58690597896732,1.5299253607359304,0,0,7,-0.4999999999999997,-0.8660254037844388,18.39,18.742173615857826,18.998799146601645,19.249444477780827,20.17,1.7800000000000011,19.03007463926407,0.35577306857691926,0.1265744763246373,0.5072708619230006,1.2056930535556745,1.8309156898503076,362.2673716598134,6898.734826467316,20.56,20.56,20.56,20.56,20.56,0.0,20.56,0.0,0.0,0.0,,,422.7136,8690.991616,24.66717222222222,25.462259993601126,28.250530634739068,32.88584680470348,35.52135857461025,10.854186352388027,29.2035593217789,3.749211158454974,14.056584310683286,7.423586811102357,0.30763706826543996,-1.4871363619930806,866.7119054218813,26137.043306995034,53.170745272525025,64.4393590490221,77.29202253342554,88.06715532286212,94.0,40.829254727474975,75.58690597896734,12.64740002572118,159.9567274106121,23.62779627384002,-0.3003955416749976,-1.241276352801147,5871.145894837138,467024.0595122516,22.43,36.64,29.438297872340424,74.82978723404256,0.15175684028236677,-10.408223233076352
timeseries_table_timeseries_table (6),2025-07-29,0.0,0.0,11.671388888888888,12.328611111111112,0.0,0.0,0.0,0,22,0,19.211454853779454,20.56,27.965919412861854,72.75548172495644,1.3485451462205447,1,0,7,-0.4999999999999997,-0.8660254037844388,18.77,19.069033570701933,19.195983333333334,19.346976061076607,19.61,0.8399999999999999,19.21145485377945,0.18863097304113005,0.03558164399044353,0.27794249037467367,-0.002446168008225419,-0.4742117228104883,369.11459086379693,7092.557455730144,20.56,20.56,20.56,20.56,20.56,0.0,20.559999999999995,3.582197285409491e-15,1.2832137391595125e-29,0.0,0.9755108924861601,-2.0325181402848695,422.71360000000004,8690.991615999998,22.49179644048943,23.722887771992532,27.079452896174864,32.15097220670391,34.422836484983314,11.931040044493884,27.965919412861854,4.06355431274568,16.512473652634014,8.42808443471138,0.24650959354430124,-1.4845445680883271,798.3725522078722,23254.3280302406,51.99999999999999,64.04605126930882,76.76680244863711,82.0,88.92992213570633,36.92992213570634,72.75548172495644,11.084973205568009,122.8766309681607,17.95394873069118,-0.5387565056600135,-1.0766450216398455,5414.50609522443,410829.23498034256,21.88,35.16,28.35625,72.70833333333333,0.17310263727368813,-9.144795146220545
timeseries_table_timeseries_table (6),2025-07-30,0.0,0.0,8.947222222222223,15.052777777777777,0.0,0.0,0.0,0,12,0,19.17398617830607,20.560000000000002,28.793460144265868,73.79729817975955,1.3860138216939326,2,0,7,-0.4999999999999997,-0.8660254037844388,18.9,19.01,19.13,19.4,19.41,0.5100000000000016,19.17398617830607,0.1806455092254872,0.03263280000333558,0.389999999999997,0.210758146831825,-1.6667579701544029,367.67335899087556,7050.97744124404,20.56,20.56,20.56,20.56,20.56,0.0,20.56,0.0,0.0,0.0,,,422.71359999999993,8690.991615999998,23.95107401224263,25.15676005015432,27.547900609429927,33.11712226674706,34.44311111111111,10.49203709886848,28.793460144265868,3.8864004071046225,15.104108124342977,7.960362216592742,0.25834988131029435,-1.6222981275766408,843.951682230565,25172.827791703025,47.29388888888889,54.944732190477495,79.3646484375,90.2730821434867,95.0361713967724,47.742282507883516,73.79729817975955,17.54153341085848,307.7053944042643,35.32834995300921,-0.27834264761882715,-1.618334135438643,5749.350821687976,467551.02628100076,22.48,35.16,28.737916666666667,74.08333333333333,-0.009557074853531284,-9.563930488360597
timeseries_table_timeseries_table (6),2025-07-31,0.0,0.0,14.415833333333333,9.584166666666667,0.0,0.0,0.0,0,19,0,19.472939507474983,20.56,27.179377270700723,78.05797270726079,1.0870604925250156,3,0,7,-0.4999999999999997,-0.8660254037844388,18.9,19.21,19.35342419716206,19.50247361111111,20.73,1.8300000000000018,19.472939507474983,0.4476433666464483,0.20038458370256657,0.2924736111111095,1.4220620943482285,1.2151219194965268,379.38907815935937,7395.492144238508,20.56,20.56,20.56,20.56,20.56,0.0,20.56,0.0,0.0,0.0,,,422.7135999999999,8690.991615999998,22.832188888888886,24.641848053768765,27.566053415618693,29.658979245895818,32.85920422927101,10.027015340382121,27.179377270700723,2.984978776588453,8.910098296683497,5.017131192127053,0.16744473921231573,-1.1426540921838013,747.5114089842838,20799.31696251289,57.36888888888889,70.0,79.63690745575865,87.23439048562933,92.0,34.63111111111111,78.0579727072608,10.72947907228631,115.1217211626299,17.234390485629334,-0.33226691802305763,-1.0756337295693372,6206.654064841116,501804.27702350006,21.88,34.41,27.275833333333335,77.54166666666667,-0.022464064083080437,-7.802893825858352
timeseries_table_timeseries_table (6),2025-08-01,0.0,0.0,10.606388888888889,13.393611111111111,0.0,0.0,0.0,0,23,0,19.700885606813994,20.56,24.12058340527643,77.22615662140144,0.8591143931860046,4,0,8,-0.8660254037844384,-0.5000000000000004,19.38,19.51149330587024,19.71,19.76,20.73,1.3500000000000014,19.700885606813998,0.25505801685979573,0.06505459196445185,0.24850669412976245,1.6256118583941241,3.353227674219826,388.18886404153596,7650.2119226499735,20.56,20.56,20.56,20.56,20.56,0.0,20.560000000000002,3.576010411559608e-15,1.2787850463582717e-29,0.0,-0.9805828665318274,-2.0258053634677013,422.7135999999998,8690.991615999998,22.019510294936,23.121559935040572,23.74420900498906,25.27,26.441122222222223,4.4216119272862215,24.12058340527643,1.1693652090286226,1.3674149920865544,2.148440064959427,0.23548721625220037,-1.1142238310705004,583.1536800530774,14131.563912486157,67.0,71.0,77.34270711133456,82.72485980011105,88.84808013355592,21.848080133555925,77.22615662140144,5.899764715400869,34.80722369708911,11.724859800111048,-0.11217501523208712,-1.2560703511330937,5998.272118499632,468512.5219930195,21.34,27.14,24.065106382978723,76.87234042553192,-0.1259662914078675,-4.3642207761647285
timeseries_table_timeseries_table (6),2025-08-02,0.0,0.0,14.243055555555555,9.756944444444445,0.0,0.0,0.0,0,13,0,19.805848340861296,20.56,22.78288385810589,65.76486016872124,0.754151659138703,5,1,8,-0.8660254037844384,-0.5000000000000004,19.46,19.570833277723853,19.77769938650307,20.006062992125987,20.33,0.8699999999999974,19.8058483408613,0.21851751377781897,0.04774990382763931,0.43522971440213354,0.21539887293761995,-0.7564891301511878,392.3186549216347,7772.0688244837675,20.56,20.56,20.56,20.56,20.56,0.0,20.56,0.0,0.0,0.0,,,422.71359999999993,8690.991615999998,18.08382222222222,20.1552040427985,21.875787954545455,25.735696756102495,28.72743746525848,10.643615243036258,22.78288385810589,3.3361039500114407,11.129589565281936,5.580492713303997,0.43918884660239904,-1.1892762165142836,530.0519841169119,12593.287090779118,45.67537520844914,57.046968090818645,68.80313253608102,75.0,79.0,33.32462479155086,65.76486016872124,10.215486560325534,104.35616566419161,17.953031909181355,-0.4997417974705828,-1.1339199008757639,4428.084650951399,304236.09990714607,17.45,29.1,23.198333333333334,64.1875,-0.6188246800801728,-3.3924849924720384
timeseries_table_timeseries_table (6),2025-08-03,0.0,0.0,17.915,6.085,0.0,0.0,0.0,0,20,0,19.83775868997712,20.560000000000002,22.92707256498886,74.15330414028946,0.7222413100228806,6,1,8,-0.8660254037844384,-0.5000000000000004,19.39,19.60700611888112,19.948480519292136,20.015612673101135,20.24,0.8499999999999979,19.83775868997712,0.2533965820962063,0.06420982781803941,0.4086065542200146,-0.18562292871738628,-1.2962646519920091,393.599144268829,7810.600529616077,20.56,20.56,20.56,20.56,20.56,0.0,20.560000000000002,3.580798808961345e-15,1.2822120110258985e-29,0.0,-0.9766542925609522,-2.0310058593750004,422.71359999999993,8690.991615999998,17.647877777777772,18.9707782460803,22.74856403044639,26.920209849250462,28.789983324068928,11.142105546291155,22.92707256498886,3.8939187621818783,15.16260332647205,7.9494316031701615,0.08604360646527137,-1.543311140485983,540.5424989530499,13080.989989555292,57.28333333333333,64.94235507542196,76.90069353399474,83.73878271916836,86.23859844271414,28.955265109380804,74.15330414028946,9.184872221976145,84.361877734029,18.796427643746398,-0.2897844297898876,-1.3347220243685813,5581.567930553904,425955.1696497499,16.8,29.14,23.14595744680851,74.27659574468085,-1.000530111558962,-3.3081987568313878
timeseries_table_timeseries_table (6),2025-08-04,0.0,0.0,9.248611111111112,14.751388888888888,0.0,0.0,0.0,0,22,0,19.675139140097297,20.560000000000002,23.649744422286975,77.3015045713453,0.8848608599027052,0,0,8,-0.8660254037844384,-0.5000000000000004,19.36,19.50038563829787,19.688705555555554,19.820065819337266,20.03,0.6700000000000017,19.675139140097297,0.19106746190623639,0.03650677499929109,0.319680181039395,0.08913890417540697,-1.1375907161897822,387.14684639937536,7618.575315918104,20.56,20.56,20.56,20.56,20.56,0.0,20.560000000000002,3.579526992615434e-15,1.2813013490862495e-29,0.0,-0.9776956868113661,-2.0296279795054577,422.7135999999999,8690.991615999998,21.439549999999997,22.280282876440207,23.10278686736475,24.840169456776422,26.938619153674836,5.499069153674839,23.64974442228697,1.6528410458581346,2.731883522873412,2.559886580336215,0.628603835973914,-0.9696747135943635,562.00634892654,13421.661368781386,65.07111111111111,71.65811846797,78.0,83.0,89.53555555555556,24.464444444444453,77.30150457134529,7.430969760820289,55.219311586225544,11.341881532030001,-0.1398792591624444,-1.245092325846543,6030.01535069065,474496.6039585859,20.21,28.1,23.573333333333334,77.27083333333333,-1.2094880319148937,-3.898194193236037
timeseries_table_timeseries_table (6),2025-08-05,0.0,0.0,11.90638888888889,12.09361111111111,0.0,0.0,0.0,0,14,0,19.46546367738427,20.56,24.177022331865615,76.65600612674686,1.0945363226157276,1,0,8,-0.8660254037844384,-0.5000000000000004,18.99,19.271190839694658,19.476378600823043,19.657527446300715,20.03,1.0400000000000027,19.465463677384268,0.2451529049071819,0.060099946784429766,0.38633660660605784,0.06547034207038314,-0.960950670673475,378.9628736236812,7378.970269213507,20.56,20.56,20.56,20.56,20.56,0.0,20.56,0.0,0.0,0.0,,,422.71359999999993,8690.991616,20.289866220735785,20.920125893489697,23.299703987730062,27.827661356155808,30.031581291759466,9.74171507102368,24.17702233186561,3.3725250333397043,11.373925100502973,6.907535462666111,0.47978524419730817,-1.343155930199831,595.7062317791266,14961.299827650271,49.433184855233854,61.71673618523338,79.26666666666667,90.81274686153269,92.9927536231884,43.55956876795455,76.65600612674686,14.933613660103337,223.012816949225,29.096010676299308,-0.5552500034678527,-1.2189624147639524,6095.311043684988,498994.05476889,19.65,31.14,24.86255319148936,73.55319148936171,-1.057506015704154,-5.39708951410509
timeseries_table_timeseries_table (6),2025-08-06,0.0,0.0,15.239444444444445,8.760555555555555,0.0,0.0,0.0,0,22,0,19.928602081411295,20.560000000000002,25.811600083084137,71.2617875853567,0.6313979185887071,2,0,8,-0.8660254037844384,-0.5000000000000004,19.29,19.567834905660376,19.875050505050503,20.304519906323186,21.1,1.8100000000000023,19.9286020814113,0.5008862859363791,0.25088707143914013,0.7366850006628098,0.6342501782673221,-0.43089865927689264,397.3942334076131,7929.358357703164,20.56,20.56,20.56,20.56,20.56,0.0,20.560000000000002,3.579526992615434e-15,1.2813013490862495e-29,0.0,-0.9776956868113661,-2.0296279795054577,422.71359999999993,8690.991615999998,20.721469933184856,21.976268470191737,25.24355017322445,29.914842246659244,32.10510022271715,11.383630289532292,25.811600083084137,3.9856526723133414,15.88542722431848,7.938573776467507,0.2665225406437767,-1.5187507711630708,681.8834377821098,18425.008642424007,47.35412026726058,58.746413278342466,77.93706169039052,82.32114212461161,86.0,38.64587973273942,71.2617875853567,13.043490374032686,170.13264113748335,23.574728846269146,-0.5635297818815117,-1.298330569657906,5245.79724370802,396454.8663916787,19.1,33.3,26.07104166666667,70.85416666666667,-0.712508548632219,-6.142439585255374
timeseries_table_timeseries_table (6),2025-08-07,0.0,0.11666666666666667,18.933888888888887,4.9494444444444445,0.11666666666666667,0.11666666666666667,0.006124055874719314,0,22,0,20.499071130837827,20.560000000000002,26.460911333777346,70.43570574299525,0.06092886916217566,3,0,8,-0.8660254037844384,-0.5000000000000004,19.84,20.20921361978111,20.58,20.76946636184597,21.07,1.2300000000000004,20.499071130837827,0.3206708918426903,0.1028298208751864,0.5602527420648613,-0.21444491517557054,-1.0625585110942466,420.31347754406244,8620.192586526147,20.56,20.56,20.56,20.56,20.56,0.0,20.560000000000002,3.570979679298721e-15,1.27518958699644e-29,0.0,-0.9847329904423174,-2.0203040399833405,422.7136,8690.991615999998,20.65,22.315268379052096,25.582731444247393,30.841915806869366,33.41277932184546,12.762779321845464,26.460911333777343,4.437675308013873,19.692962139356023,8.52664742781727,0.1634671484408482,-1.5416635479717635,719.5914627228199,20082.630502608838,40.0,52.97698730517865,74.2984342491774,87.62940414144275,92.0,52.0,70.43570574299524,18.224428724388975,332.1298023303339,34.652416836264095,-0.322036484619794,-1.4881754833433956,5288.573734382283,416674.3763253583,19.65,34.15,26.63479166666667,69.60416666666667,-0.05873147796352564,-6.135720535828842
timeseries_table_timeseries_table (6),2025-08-08,0.0,0.13083333333333333,18.044722222222223,5.8244444444444445,0.13083333333333333,0.13083333333333333,0.007198312752170192,0,31,0,20.516071883396744,20.560000000000002,27.212768218142816,68.57985197343869,0.043928116603257905,4,0,8,-0.8660254037844384,-0.5000000000000004,19.59,20.35309523809524,20.609822286263206,20.67,20.95,1.3599999999999994,20.516071883396744,0.31437596460716144,0.09883224712268321,0.31690476190476247,-0.892274796533728,0.4031539307625769,421.0070394662986,8641.397298054559,20.56,20.56,20.56,20.56,20.56,0.0,20.56,0.0,0.0,0.0,,,422.7135999999999,8690.991616,20.83,21.973284966828324,27.539654281602253,32.09843235084723,33.76512222222222,12.935122222222219,27.212768218142823,4.680632566170995,21.908321219500472,10.12514738401891,-0.018135706937974123,-1.640647404113496,762.2124614062907,21919.872171917013,41.14333333333333,47.504015775044756,70.2550197575514,89.0,92.0,50.85666666666667,68.57985197343869,18.905084392774878,357.40221589794027,41.495984224955244,-0.11769374338380087,-1.6396448002022572,5056.836184008302,394507.02307391807,20.21,34.14,26.778541666666666,70.47916666666667,0.5418238665146914,-6.262469783269921
timeseries_table_timeseries_table (6),2025-08-09,0.0,0.0,13.133055555555556,10.866944444444444,0.0,0.0,0.0,0,28,0,20.40317844905383,20.56,27.170915119131546,68.23064372954,0.15682155094616945,5,1,8,-0.8660254037844384,-0.5000000000000004,19.71,20.33348436886324,20.42,20.64,20.92,1.2100000000000009,20.40317844905383,0.2765621526306619,0.07648662426770553,0.3065156311367616,-0.8721498097774685,0.36459133361013896,416.365221365399,8498.237588878408,20.56,20.56,20.56,20.56,20.56,0.0,20.56,0.0,0.0,0.0,,,422.71359999999993,8690.991615999998,22.828685236768802,24.07406144950823,26.715766217265475,30.844181897923686,32.94094760312152,10.11226236635272,27.170915119131546,3.4837068369579653,12.136213325867672,6.770120448415458,0.2496506900297515,-1.5214594086778481,750.2412187834274,21046.451350123618,40.40277777777778,55.06172608269412,70.13034271512154,82.8336985691583,86.0,45.59722222222222,68.23064372954002,14.629821245964987,214.03166968888854,27.77197248646418,-0.3405712234133727,-1.302991020099136,4866.743151794674,359831.9340205685,21.34,33.1,27.286041666666666,67.72916666666667,0.7220000633232017,-6.882863217612837
timeseries_table_timeseries_table (6),2025-08-10,0.0,0.0,14.04138888888889,9.95861111111111,0.0,0.0,0.0,0,16,0,20.398290246521846,20.560000000000002,26.250956470703738,70.3507126614451,0.16170975347815641,6,1,8,-0.8660254037844384,-0.5000000000000004,19.83,20.18,20.452645324347092,20.60390183028286,20.9,1.0700000000000003,20.39829024652185,0.29822178151595,0.08893623097054704,0.4239018302828619,-0.20324931747617772,-0.7657665576873711,416.17779158371,8492.881598166143,20.56,20.56,20.56,20.56,20.56,0.0,20.560000000000002,3.594759091179878e-15,1.2922292923620383e-29,0.0,-0.9653198844313496,-2.0459707950243375,422.71359999999993,8690.991615999996,21.19028904947193,22.310052927631734,25.27891510159549,29.449308378622504,34.07787423483584,12.88758518536391,26.250956470703738,4.093670463512626,16.758137863835675,7.13925545099077,0.27293046246238445,-1.3842823463151621,705.521725618455,19400.848178209802,38.09348914858097,59.43766202382204,71.38676669804606,86.1875,91.73207337409673,53.63858422551576,70.3507126614451,16.22126275804347,263.129365465488,26.749837976177957,-0.3379141778974921,-1.1400805224752626,5206.870275658169,401116.0897263951,20.23,34.14,27.007291666666664,67.20833333333333,0.7358181357649443,-6.609001420144818
timeseries_table_timeseries_table (6),2025-08-11,0.0,0.09305555555555556,18.53361111111111,5.373333333333333,0.09305555555555556,0.09305555555555556,0.004995824385588166,0,32,0,20.513155644277113,20.56,28.119314311166026,64.57887182381684,0.04684435572288592,0,0,8,-0.8660254037844384,-0.5000000000000004,19.88,20.33,20.52,20.79,21.07,1.1900000000000013,20.513155644277113,0.30297400653149775,0.09179324863374805,0.46000000000000085,-0.52108078530967,-0.7224655219216536,420.8804298024853,8637.299551416128,20.56,20.56,20.56,20.56,20.56,0.0,20.560000000000002,3.565379364886919e-15,1.2711930015561447e-29,0.0,-0.9893805867132184,-2.0141340978824007,422.71359999999993,8690.991616,20.96,22.414709795714614,29.044853921568624,32.340438525097056,34.02112284602557,13.061122846025569,28.119314311166015,4.7078892147458165,22.16422085831998,9.925728729382442,-0.3846657869701024,-1.5028947409956215,812.6110219990471,24042.406068030847,40.478043357420795,48.75905068745536,61.953435526753076,83.29100107518623,90.89166666666667,50.41362330924587,64.57887182381683,16.863460935093283,284.37631470941716,34.53195038773087,0.31268814145596047,-1.5375324874896672,4451.611761255264,325296.2960895356,20.21,34.15,27.651666666666667,66.29166666666667,0.5662982839412355,-7.1385110223895545
timeseries_table_timeseries_table (6),2025-08-12,0.0,0.0,15.476666666666667,8.523333333333333,0.0,0.0,0.0,0,22,0,20.241651781826743,20.56,28.226547050818642,71.01576268510057,0.31834821817325576,1,0,8,-0.8660254037844384,-0.5000000000000004,19.56,19.980200635197146,20.26948962512553,20.454110841097012,20.86,1.3000000000000007,20.241651781826747,0.2755610709379849,0.07593390381648914,0.4739102058998661,-0.18160809317059942,-0.864948716642604,409.79926741869843,8298.038445348451,20.56,20.56,20.56,20.56,20.56,0.0,20.56,0.0,0.0,0.0,,,422.7136,8690.991615999996,23.58288888888889,24.864971716027163,27.724807762938234,31.765425287356322,34.1,10.517111111111113,28.22654705081865,3.4673987300701077,12.022853953291795,6.900453571329159,0.21248435345010988,-1.5698931248478707,808.6046714049379,23502.88852197494,48.99999999999999,59.828620428577985,73.82675405089073,84.0,88.0,39.00000000000001,71.01576268510058,12.91403522296652,166.77230574001996,24.171379571422015,-0.31098458338061646,-1.335248728428176,5207.844981386022,392548.61730633315,22.45,35.14,28.250416666666666,71.0,0.38896751519756795,-8.008764884839923
timeseries_table_timeseries_table (6),2025-08-13,0.0,0.3063888888888889,22.543333333333333,1.1502777777777777,0.3063888888888889,0.3063888888888889,0.013408867114844576,0,24,0,20.43838540287523,20.56,26.698674264257136,79.15626607555967,0.12161459712476841,2,0,8,-0.8660254037844384,-0.5000000000000004,19.84,20.29,20.41,20.58,20.87,1.0300000000000011,20.438385402875227,0.2396407214436804,0.057427675374047624,0.28999999999999915,-0.2332776909587158,-0.3367267188279275,417.7844454743081,8541.160047788577,20.56,20.56,20.56,20.56,20.56,0.0,20.56,0.0,0.0,0.0,,,422.71359999999993,8690.991615999998,23.361568409343715,24.106757127545553,25.44536017392046,30.310310556133658,31.80365459610028,8.442086186756566,26.698674264257136,3.042385943119742,9.256112226892604,6.203553428588105,0.4726986933401522,-1.4671585986472764,721.9624402783977,19776.97592291965,58.90550305725403,65.55825818013643,83.05786302427921,90.01250593808109,95.0,36.09449694274597,79.15626607555967,12.428592664733952,154.46991562587857,24.454247757944657,-0.50947331518009,-1.3454233324860845,6418.300595191826,531226.8981394595,21.88,33.86,26.708125,79.41666666666667,0.3143080357142852,-6.269739597124769
timeseries_table_timeseries_table (6),2025-08-14,0.0,0.0,12.53111111111111,11.46888888888889,0.0,0.0,0.0,0,30,0,20.450147775594758,20.560000000000002,25.771479835929128,81.74675696957051,0.10985222440524467,3,0,8,-0.8660254037844384,-0.5000000000000004,19.72,20.32,20.48,20.59,20.88,1.1600000000000001,20.450147775594758,0.23542647980638207,0.055425627394024825,0.2699999999999996,-0.5618977797909582,0.6695023906322328,418.2633176048525,8555.779576957517,20.56,20.56,20.56,20.56,20.56,0.0,20.560000000000002,3.573309292954109e-15,1.276853930311219e-29,0.0,-0.9828082602067949,-2.0228563878980053,422.7136000000001,8690.991615999998,21.930194986072426,22.755721993576472,24.593029768272103,28.08780137436858,33.06011111111111,11.129916125038687,25.77147983592912,3.6060974040894775,13.003938487780868,5.332079380792109,0.7601133707945967,-0.6989163891351171,676.9925011647078,18143.695235367093,52.766666666666666,72.04091320251463,87.45385214007781,94.12962519484952,96.0,43.233333333333334,81.74675696957053,14.334520800751823,205.47848658718672,22.088711992334893,-0.7871237849238273,-0.7216569474594743,6885.156893759948,593648.635767051,21.32,34.14,26.324375,79.95833333333333,0.12604910714285694,-5.874227224405242
timeseries_table_timeseries_table (6),2025-08-15,0.0,0.0,21.9475,2.0525,0.0,0.0,0.0,0,20,0,20.297618634173187,20.559999999999995,28.18516765339915,71.5341744374032,0.2623813658268084,4,0,8,-0.8660254037844384,-0.5000000000000004,19.64,20.06,20.32,20.516735829959515,20.89,1.25,20.29761863417319,0.2938844190425298,0.08636805175596526,0.45673582995951634,-0.11761892938710347,-0.5816647998619815,412.07852313425605,8367.668475879656,20.56,20.56,20.56,20.56,20.56,0.0,20.560000000000002,3.573073236188008e-15,1.276685235116304e-29,0.0,-0.9830030621476136,-2.0225981404958677,422.71359999999993,8690.991615999998,22.000461111111107,23.600181350750415,27.236229362769148,32.99,35.390822222222226,13.390361111111119,28.185167653399144,4.673736413911181,21.843812066719345,9.389818649249587,0.21853104654854355,-1.540041364902256,815.9778110247552,24236.92296985703,39.458888888888886,49.95816680948852,77.41958264746162,91.20502952308053,95.0,55.541111111111114,71.5341744374032,19.801071969723683,392.08245115017695,41.24686271359201,-0.34514971763708907,-1.4776612116128043,5504.380039502733,446473.7224521509,21.34,36.1,28.240416666666665,71.08333333333333,-0.045543154761904577,-7.942798032493478
timeseries_table_timeseries_table (6),2025-08-16,0.0,0.0,17.045833333333334,6.954166666666667,0.0,0.0,0.0,0,20,0,20.233300904072024,20.56,29.47984211290786,66.8515665982567,0.3266990959279745,5,1,8,-0.8660254037844384,-0.5000000000000004,19.58,20.072057124518615,20.241056218261953,20.42,20.91,1.3300000000000018,20.233300904072024,0.2833172691763178,0.0802686750135261,0.3479428754813867,-0.26457510638666276,-0.3681649436235541,409.4655874543779,8288.036221636805,20.56,20.56,20.56,20.56,20.56,0.0,20.56,0.0,0.0,0.0,,,422.7135999999999,8690.991616,22.101378543635352,24.952284732855347,30.038921471928848,34.072950992281974,35.77190423162583,13.67052568799048,29.47984211290786,4.78082981462849,22.856333716440684,9.120666259426628,-0.10431506399528656,-1.5297010571850496,891.6166834853053,27603.190923840382,41.28515842134519,47.17339352604088,65.72870129985766,85.20315874751893,94.10450250138966,52.81934408004447,66.8515665982567,18.956033819185542,359.33121815410595,38.029765221478044,0.04844926409371151,-1.5424277408646583,4823.735132451123,370215.81801337167,21.32,36.8,28.921666666666667,69.02083333333333,0.019776785714285743,-8.688365762594643
timeseries_table_timeseries_table (6),2025-08-17,0.0,0.0,16.451666666666668,7.548333333333333,0.0,0.0,0.0,0,29,0,20.345521419647802,20.560000000000002,29.307645422947676,67.17520719798668,0.2144785803521998,6,1,8,-0.8660254037844384,-0.5000000000000004,19.59,20.22,20.345244122965642,20.602516758388095,20.92,1.3300000000000018,20.345521419647802,0.2777096880619132,0.07712267084344512,0.3825167583880962,-0.7373442749171594,0.3055611436485899,414.0166504093869,8426.477981245196,20.56,20.56,20.56,20.56,20.56,0.0,20.56,0.0,0.0,0.0,,,422.7136,8690.991615999998,21.954276169265032,25.482979190032445,28.918719154119103,33.9419705432101,35.6754565701559,13.72118040089087,29.30764542294768,4.513048530244576,20.36760703634273,8.458991353177652,-0.0412102150350511,-1.457335575222227,879.0890106029697,26941.393619240345,42.14699331848552,48.13607341190915,70.66436325899045,80.83084053786793,91.0,48.85300668151448,67.17520719798668,16.916215930237577,286.1583613984236,32.694767125958776,-0.05243711884328681,-1.5569306764991617,4795.622585603648,359929.6074130521,21.32,36.8,28.82104166666667,68.9375,0.17837797619047638,-8.475520247018867
timeseries_table_timeseries_table (6),2025-08-18,0.0,0.0,22.662222222222223,1.3377777777777777,0.0,0.0,0.0,0,21,0,20.398568784049633,20.560000000000002,29.05183360755552,66.97711255698748,0.16143121595036902,0,0,8,-0.8660254037844384,-0.5000000000000004,19.65,20.23140472130532,20.39,20.64,20.94,1.2900000000000027,20.39856878404963,0.28759468734191757,0.08271070418729533,0.4085952786946798,-0.4105056341466817,-0.31980258482206203,416.1835314207991,8492.880850928412,20.56,20.56,20.56,20.56,20.56,0.0,20.56,0.0,0.0,0.0,,,422.71360000000004,8690.991616,22.689999999999998,24.118207265182306,28.547701275094024,33.54882676273113,35.71,13.020000000000003,29.05183360755552,4.711670469323581,22.19983861149589,9.430619497548825,0.025852316181828483,-1.6013476704469232,865.959438183695,26435.81248392929,43.0,47.0,66.3722002420472,86.55751836303062,91.0,48.0,66.97711255698746,18.070623418970865,326.5474307502583,39.557518363030624,0.06371144055320145,-1.6169653786709803,4808.811964966006,365707.2163977516,21.83,36.1,28.699166666666667,68.4375,0.22796130952380977,-8.300597882617033
timeseries_table_timeseries_table (6),2025-08-19,0.0,0.0,22.613055555555555,1.3869444444444445,0.0,0.0,0.0,0,23,0,20.311659163750356,20.559999999999995,28.117758705049017,69.75555049963889,0.2483408362496391,1,0,8,-0.8660254037844384,-0.5000000000000004,19.5,20.192780555555558,20.35,20.55111111111111,20.89,1.3900000000000006,20.311659163750356,0.31228125850945787,0.09751958441625086,0.3583305555555505,-0.7938274427856202,0.6081705891607228,412.65960424146954,8385.681212221883,20.56,20.56,20.56,20.56,20.56,0.0,20.559999999999995,3.574576738563063e-15,1.2777598859876143e-29,0.0,0.9817632013239406,-2.0242415229030337,422.71359999999993,8690.991615999998,22.449999999999996,24.70932315257612,26.105720154505878,31.983072043027498,37.08898663697105,14.638986636971055,28.117758705049013,4.742570391064684,22.49197391420343,7.27374889045138,0.7436271073836502,-0.9813560810313131,812.8156199790035,24182.713065532014,38.0,55.0,77.67690160535362,83.64847273848902,92.0,54.0,69.75555049963889,17.576851994022153,308.9457260197605,28.64847273848902,-0.48655268940766416,-1.2330401319759259,5170.871846134779,400610.6599516412,21.32,38.1,28.30510638297872,69.36170212765957,0.2917633928571432,-7.993447219228365
timeseries_table_timeseries_table (6),2025-08-20,0.0,1.6869444444444444,21.71361111111111,0.5994444444444444,1.6869444444444444,1.6869444444444444,0.07208993138814368,0,24,0,20.58249366188877,20.56,25.956568959662825,76.78587814284496,-0.022493661888770333,2,0,8,-0.8660254037844384,-0.5000000000000004,20.02,20.44264871893564,20.6,20.72,21.19,1.1700000000000017,20.58249366188877,0.2027900283788246,0.04112379560988449,0.2773512810643588,0.13321483631603226,0.17666436178211065,423.67993142750004,8722.073689424571,20.56,20.56,20.56,20.56,20.56,0.0,20.56,0.0,0.0,0.0,,,422.71359999999993,8690.991615999998,21.100334075723833,23.4910558671209,24.44643563824714,29.784844740568833,31.358067928730513,10.25773385300668,25.95656895966283,3.3575210974166985,11.272947919598233,6.293788873447934,0.43870054206288767,-1.368059413515669,684.8883183964253,18372.51925321818,57.0,65.12222642764318,76.63708911191286,87.70784745856196,91.74276169265033,34.74276169265033,76.78587814284495,11.44762371964766,131.04808882663974,22.585621030918773,-0.29473437074104203,-1.3951797878207908,6025.629988166899,482137.7214191633,20.23,32.1,25.880625,77.125,0.3614697315096252,-5.298131338111229
timeseries_table_timeseries_table (6),2025-08-21,0.0,4.4775,15.583333333333334,3.9391666666666665,4.4775,4.4775,0.22319611182652763,0,23,0,20.609840833049414,20.56,24.239874517600907,71.55659592298962,-0.04984083304941578,3,0,8,-0.8660254037844384,-0.5000000000000004,19.77,20.33,20.73,20.89,21.52,1.75,20.609840833049414,0.3678584924879993,0.13531987049554342,0.5600000000000023,-0.6496447026363789,-0.6091813617456423,424.90028074408156,8762.648822726775,20.56,20.56,20.56,20.56,20.56,0.0,20.560000000000002,3.559700339784505e-15,1.2671466509061922e-29,0.0,-0.9941234178463545,-2.0078277585544018,422.7136,8690.991616,19.835682451253483,20.691529335538362,24.75270824053452,27.777925291497446,28.750189309576836,8.914506858323353,24.239874517600907,3.2119684536511945,10.316741347250446,7.086395955959084,0.0017458913847626602,-1.5851480753641731,597.8241788374855,14988.287423102876,49.15311804008909,53.921886721780204,73.05092123911723,86.0,92.00000000000001,42.846881959910924,71.55659592298962,15.015186609756165,225.45582892580083,32.078113278219796,-0.10641310654526956,-1.5212245447930677,5344.4019022483,414132.26639603556,18.56,29.7,23.773124999999997,73.77083333333333,-0.05087037740628185,-3.1632841669505822
timeseries_table_timeseries_table (6),2025-08-22,0.0,0.0,15.483888888888888,8.516111111111112,0.0,0.0,0.0,0,24,0,19.90022284559446,20.56,24.345723917879226,73.20850487595412,0.6597771544055391,4,0,8,-0.8660254037844384,-0.5000000000000004,19.61,19.70118365180467,19.93480496453901,20.051710855427714,20.36,0.75,19.90022284559446,0.19960160504244642,0.03984080073552077,0.3505272036230451,0.2021204737374356,-0.756950054605853,396.05798572685995,7883.200634112905,20.56,20.56,20.56,20.56,20.56,0.0,20.559999999999995,3.574576738563063e-15,1.2777598859876143e-29,0.0,0.9817632013239406,-2.0242415229030337,422.71360000000004,8690.991615999998,19.255175097276265,19.88438425745771,23.73533406004779,29.164625268801863,30.536256952169076,11.281081854892811,24.345723917879226,4.200040660584052,17.640341550559317,9.280241011344152,0.13612385188624898,-1.651368854986996,610.1255192913434,15711.811671149402,48.669076751946605,55.516482537182775,75.2466593995221,90.05666860462918,92.58263772954925,43.91356097760264,73.20850487595412,15.890978817477066,252.52320777750484,34.540186067446406,-0.1633742707087879,-1.5837469999831015,5608.728871771175,446444.5751388765,17.48,31.14,24.332083333333333,73.25,-0.7142819148936175,-4.431860487738874
timeseries_table_timeseries_table (6),2025-08-23,0.0,0.0,18.64666666666667,5.3533333333333335,0.0,0.0,0.0,0,24,0,19.897342786462872,20.56,25.157614590225705,67.28441784146212,0.6626572135371269,5,1,8,-0.8660254037844384,-0.5000000000000004,19.51,19.75867388868136,19.909705288655633,20.03,20.31,0.7999999999999972,19.897342786462872,0.2113264026491365,0.04465884845662497,0.2713261113186398,-0.1170853177607215,-0.6912842111739765,395.9477335776086,7880.03709232356,20.56,20.56,20.56,20.56,20.56,0.0,20.56,0.0,0.0,0.0,,,422.7135999999999,8690.991615999998,20.179276169265034,20.67064749171404,24.05885127992919,29.77902477213542,31.48943207126949,11.310155902004457,25.15761459022571,4.356448737916906,18.9786456060978,9.10837728042138,0.2149578380197697,-1.7136479618152625,651.6409015071262,17354.17566164862,41.89482470784641,49.16173113791652,69.91985897229874,85.34662645791818,89.67149220489978,47.77666749705337,67.2844178414621,17.367346551275624,301.6247262321053,36.18489532000166,-0.15342431150064667,-1.6483405478940898,4824.950626826928,363909.2056139325,19.03,32.48,25.13479166666667,67.22916666666667,-0.9529687500000005,-5.237448880203797
timeseries_table_timeseries_table (6),2025-08-24,0.0,0.0,16.71611111111111,7.283888888888889,0.0,0.0,0.0,0,24,0,19.968382960492274,20.56,23.711281568757265,63.84290508320869,0.5916170395077245,6,1,8,-0.8660254037844384,-0.5000000000000004,19.49,19.802101983002835,20.00035308566165,20.08,20.36,0.870000000000001,19.968382960492274,0.23353187744984813,0.054537137785250885,0.2778980169971632,-0.2214786493869202,-0.5583046597861427,398.78971900429286,7965.31567013413,20.56,20.56,20.56,20.56,20.56,0.0,20.56,0.0,0.0,0.0,,,422.7135999999999,8690.991615999998,18.01942061281337,20.232697577951,21.87932493560542,27.87826628918376,30.425336672231495,12.405916059418125,23.71128156875726,4.08617215614854,16.69680288968361,7.645568711232759,0.4200444933196851,-1.4490525072336684,578.6929531953156,14531.168058121459,31.0,45.44668173169931,66.67718138365423,83.40326419821825,88.0,57.0,63.84290508320869,19.840968937309768,393.66404837129113,37.956582466518945,-0.22851841254467323,-1.4813027840106794,4464.187919638017,332798.58932997065,16.34,31.14,23.969583333333333,62.4375,-0.8687463589159069,-4.001200372841058
timeseries_table_timeseries_table (6),2025-08-25,0.0,0.0,17.85972222222222,6.1402777777777775,0.0,0.0,0.0,0,24,0,20.04800994107154,20.56,20.080756900165596,61.23958418281711,0.5119900589284576,0,0,8,-0.8660254037844384,-0.5000000000000004,19.67,19.956353919239906,20.007957181088315,20.253632604288914,20.63,0.9599999999999973,20.04800994107154,0.21193461021432336,0.044916279006697174,0.2972786850490081,0.13958416997122197,-0.490271948681412,401.96699503910156,8060.415591899094,20.56,20.56,20.56,20.56,20.56,0.0,20.559999999999995,3.570611593983174e-15,1.274926715508706e-29,0.0,0.9850375627355535,-2.0199000000000003,422.71359999999993,8690.991616,13.8,15.854981430151767,19.514640511678373,24.125786840494772,27.58650334075724,13.786503340757239,20.080756900165596,4.580526095964524,20.981219315812005,8.270805410343005,0.17215300384882554,-1.4514482405982125,423.9382674084827,9360.948418877995,30.66815144766147,42.67930689728638,59.38542516842119,79.74555513159285,88.0,57.33184855233853,61.239584182817126,19.242336325350795,370.2675072579147,37.06624823430647,0.02623891150948865,-1.495179058777422,4115.617278045486,296971.0270158294,11.93,28.1,20.27340425531915,60.53191489361702,-0.7884971821175276,-0.22539431424760892
timeseries_table_timeseries_table (6),2025-08-26,0.0,0.0,17.921944444444446,6.078055555555555,0.0,0.0,0.0,1,24,0,19.887585770783705,20.262846501883992,19.100010949706927,59.71767792425896,0.3752607311002869,1,0,8,-0.8660254037844384,-0.5000000000000004,19.21,19.684966740576495,19.90930383480826,20.00118289118053,20.61,1.3999999999999986,19.887585770783705,0.3061883551054925,0.09375130880220718,0.31621615060403485,0.23255639599109748,-0.24563264763878978,395.60830698119696,7871.369642026069,20.0,20.0,20.0,20.56,20.56,0.5599999999999987,20.26284650188399,0.2810942261679696,0.07901396398496964,0.5599999999999987,0.12064517796867825,-2.0081318817336227,410.6610541164147,8324.329873387082,11.49,13.59245735574728,17.736856146606883,25.71210873349774,26.666342412451364,15.176342412451364,19.100010949706927,5.715468025098767,32.6665747459264,12.11965137775046,0.061284947128511895,-1.6521004024877175,397.0295056995642,8825.479942822638,28.610894941634243,33.92429351881838,60.805029720721954,85.0,89.36859688195992,60.757701940325674,59.717677924258965,23.391997175583235,547.185531862494,51.07570648118162,-0.02219050338929578,-1.6713148973636123,4105.890896310727,309368.28501261387,10.21,27.91,19.217708333333334,59.125,-0.9484115374873348,0.6698774374503706
timeseries_table_timeseries_table (6),2025-08-27,0.0,0.0,11.633611111111112,12.366388888888888,0.0,0.0,0.0,0,17,0,19.736512075782063,20.0,16.26958596613925,68.02984462729827,0.2634879242179373,2,0,8,-0.8660254037844384,-0.5000000000000004,19.35,19.515771715721467,19.74,19.893521258128384,20.3,0.9499999999999993,19.736512075782066,0.2469459783681947,0.060982316232224894,0.37774954240691727,0.2505567752766646,-0.5138821053724265,389.589620768802,7691.501035470842,20.0,20.0,20.0,20.0,20.0,0.0,20.0,0.0,0.0,0.0,,,400.0,8000.0,10.77,12.181747181642752,14.632565332592181,19.28162570987591,26.236093552465235,15.466093552465235,16.26958596613925,5.134770510531117,26.36586819581999,7.099878528233159,0.7250867631087399,-0.9249794558265476,290.2147838281307,5650.087131330795,31.782553729456385,56.96280717593068,72.63604859027355,84.41676274666985,88.0,56.21744627054362,68.02984462729826,18.39197672633835,338.2648079021715,27.45395557073917,-0.7144251838962924,-0.9303751479386762,4955.412799919668,377210.820556657,9.65,28.14,19.13340425531915,57.51063829787234,-0.9768104103343459,0.6031078204629132
timeseries_table_timeseries_table (6),2025-08-28,0.0,0.0,15.613888888888889,8.386111111111111,0.0,0.0,0.0,0,24,0,19.478448525915287,20.0,19.57592952332818,63.9641186601944,0.5215514740847134,3,0,8,-0.8660254037844384,-0.5000000000000004,19.02,19.27,19.40788284238208,19.583271251193885,20.14,1.120000000000001,19.478448525915287,0.2754945572642976,0.07589725108225134,0.31327125119388555,0.8439523188871683,-0.11538699718413392,379.4839567965366,7394.659168668995,20.0,20.0,20.0,20.0,20.0,0.0,20.0,0.0,0.0,0.0,,,400.0,8000.0,14.195683090705487,16.07535435626272,17.57430728928984,23.549407915230386,28.538472850678733,14.342789759973247,19.57592952332818,4.7544630497778115,22.604918891702532,7.474053558967665,0.6609787311367912,-1.0679984372317588,405.3509997837706,8872.747384185639,31.0,49.11933703899232,72.57639430985252,77.34349662237153,82.09848908785675,51.09848908785675,63.9641186601944,17.985472015089602,323.4772036055713,28.224159583379212,-0.7644018758574997,-0.9681391297308637,4408.146571172552,318035.7503837583,12.43,29.14,20.883260869565216,58.28260869565217,-1.0360464159067877,-1.4048123436499296
timeseries_table_timeseries_table (6),2025-08-29,0.0,0.0,16.61138888888889,7.3886111111111115,0.0,0.0,0.0,0,24,0,19.477864713859393,20.0,22.71355324350918,59.26873752198138,0.5221352861406068,4,0,8,-0.8660254037844384,-0.5000000000000004,19.03,19.291913516312793,19.36491456166419,19.7513508178229,20.05,1.0199999999999996,19.477864713859393,0.280171828165269,0.078496253297469,0.459437301510107,0.24734167910461471,-1.0838416898593297,379.4632570567908,7394.101744571264,20.0,20.0,20.0,20.0,20.0,0.0,20.0,0.0,0.0,0.0,,,400.0,8000.0,13.65030890369473,15.989943014085695,23.554284503923974,28.390311584005595,31.183926585094547,17.533617681399818,22.713553243509182,6.112454711965362,37.36210260582755,12.4003685699199,-0.20852497937968142,-1.4565343245203313,552.8976817435756,14191.09695175615,32.33147942157953,38.24375853537494,54.900871880803926,82.73536795804058,90.0,57.66852057842047,59.26873752198138,21.392192872567946,457.6259158971468,44.49160942266565,0.17659950549427517,-1.5502512538624935,3965.878213684323,290490.17052241176,12.94,32.1,22.9194,58.54,-0.967897043357121,-3.4415352861406063
timeseries_table_timeseries_table (6),2025-08-30,0.0,0.0,16.548055555555557,7.451944444444444,0.0,0.0,0.0,0,24,0,19.47088605974167,20.0,23.513060892811215,52.19412137988683,0.5291139402583305,5,1,8,-0.8660254037844384,-0.5000000000000004,18.95,19.29481622574956,19.49,19.62,19.89,0.9400000000000013,19.47088605974167,0.2249723830800392,0.05061257314871191,0.32518377425044065,-0.16711817383481986,-0.7044601700742881,379.16533257089986,7384.627394333617,20.0,20.0,20.0,20.0,20.0,0.0,20.0,0.0,0.0,0.0,,,400.0,8000.0,16.500294444444442,19.23428082788671,21.016853861897136,29.131720923520927,31.354916666666668,14.854622222222226,23.51306089281121,5.170536311044583,26.73444574383053,9.897440095634217,0.24599143131751933,-1.6020893952794846,579.4061441508366,14905.78826718833,19.03388888888889,33.00191176470588,52.850919896640825,75.46209064327485,84.63833333333334,65.60444444444445,52.194121379886845,22.100754860818505,488.4433654179928,42.46017887856897,0.00225267954580291,-1.5599411669339995,3209.1556909901815,218144.30556119353,15.53,32.1,23.45625,52.416666666666664,-0.4985292831262943,-3.985363940258331
timeseries_table_timeseries_table (6),2025-08-31,0.0,0.0,20.585277777777776,3.414722222222222,0.0,0.0,0.0,0,24,0,19.68433829504963,20.0,22.46909644871278,50.887238931102864,0.3156617049503687,6,1,8,-0.8660254037844384,-0.5000000000000004,19.2,19.51934099510754,19.69,19.81984730786387,20.02,0.8200000000000003,19.684338295049628,0.18911098286193576,0.03576296383900736,0.30050631275632966,-0.1179447878515531,-0.8944922059547649,387.50847857826,7629.237076891216,20.0,20.0,20.0,20.0,20.0,0.0,20.0,0.0,0.0,0.0,,,400.0,8000.0,16.526883333333334,18.119039796849087,20.55891834286622,28.1690173026048,29.900622568093386,13.373739234760052,22.46909644871278,4.763730196163373,22.69312538183873,10.049977505755713,0.3623290332407552,-1.5154366038402947,527.3901607085625,12901.601019495132,28.267777777777777,34.5461761875823,55.15465647298675,63.63176065162908,70.34277777777778,42.075,50.887238931102864,14.079353719296849,198.228201153078,29.085584464046782,-0.338776788924046,-1.5059271774465217,2786.31318501766,160871.71505293943,15.77,30.13,22.602083333333336,50.583333333333336,0.1934837151997709,-2.917745038283705
timeseries_table_timeseries_table (6),2025-09-01,0.0,0.0,17.33388888888889,6.666111111111111,0.0,0.0,0.0,0,23,0,19.556884232911198,20.0,22.531298428245094,55.604342025997134,0.44311576708880196,0,0,9,-1.0,-1.8369701987210297e-16,19.13,19.41,19.47305932531989,19.74,20.22,1.0899999999999999,19.556884232911205,0.2862487691358673,0.08193835783179905,0.3299999999999983,0.3042906240173647,-0.6837105417391993,382.5522465270151,7484.686796181242,20.0,20.0,20.0,20.0,20.0,0.0,20.0,0.0,0.0,0.0,,,400.0,8000.0,14.246666666666666,17.053224762529684,21.450651558641976,28.750090549545313,31.809822222222223,17.563155555555557,22.53129842824509,5.89512830418902,34.75253772285051,11.696865787015629,0.2570539963691899,-1.4378810480998492,542.1270897189095,13820.693275643769,25.32,37.03893610961204,61.20089451476793,70.24832083333334,80.0,54.68,55.60434202599712,17.926791646935037,321.3698587526198,33.2093847237213,-0.33190514948792,-1.4076414914732847,3410.578531726587,223177.0017917942,13.04,32.48,22.74340425531915,55.04255319148936,0.6874684397163122,-3.186520022407951
timeseries_table_timeseries_table (6),2025-09-02,0.0,0.0,10.891666666666667,13.108333333333333,0.0,0.0,0.0,0,23,0,19.41849910547914,20.0,22.16647461625165,74.32570445147239,0.5815008945208611,1,0,9,-1.0,-1.8369701987210297e-16,18.94,19.26816891891892,19.358278900984967,19.59045827086837,20.11,1.1699999999999982,19.418499105479135,0.2712639376200729,0.07358412385314679,0.3222893519494505,0.414399925049558,-0.2086276520461401,377.1502765540425,7326.5034086704245,20.0,20.0,20.0,20.0,20.0,0.0,20.0,0.0,0.0,0.0,,,400.0,8000.0,18.074455555555556,18.763329205711734,22.1,24.56107083333334,29.02,10.945544444444444,22.16647461625165,3.544127972146268,12.560843082949619,5.797741627621605,0.4030716064461629,-1.2440465454306773,503.8096313753582,11737.884115272003,47.0,67.23997005988025,75.809811101424,84.96708641975309,91.61722222222222,44.617222222222225,74.3257044514724,12.175353950290207,148.23924381484733,17.727116359872838,-0.7022162404306097,-0.5575457864492512,5671.3244683049925,442111.63755334436,16.88,29.1,22.02625,74.70833333333333,0.7174083947293072,-2.607750894520862
timeseries_table_timeseries_table (6),2025-09-03,0.0,0.0,16.79388888888889,7.206111111111111,0.0,0.0,0.0,0,23,0,19.365586119211823,20.0,23.28458546391239,73.02902035147548,0.634413880788177,2,0,9,-1.0,-1.8369701987210297e-16,18.99,19.295384615384616,19.39,19.43,19.77,0.7800000000000011,19.365586119211827,0.16744181759191443,0.028036762278483944,0.13461538461538325,0.034082206847637755,0.06895712679275778,375.05316145253744,7264.179328441298,20.0,20.0,20.0,20.0,20.0,0.0,20.0,0.0,0.0,0.0,,,400.0,8000.0,17.119611111111112,18.985396682464454,23.074846555768822,27.255373877551023,30.776116666666667,13.656505555555555,23.284585463912382,4.290476238974219,18.408186357202357,8.269977195086568,0.21520568005026847,-1.3779944538653586,560.4064444479973,13914.995345660345,38.903333333333336,57.9722951918905,75.04353391005986,92.0,95.0,56.096666666666664,73.0290203514755,17.81479724551026,317.3670008986399,34.0277048081095,-0.3515327341742732,-1.190309145229985,5647.610786084496,456368.67757310794,16.1,31.1,22.88416666666667,74.75,0.4314824049601342,-3.518580547454846
timeseries_table_timeseries_table (6),2025-09-04,0.0,0.0,15.79138888888889,8.20861111111111,0.0,0.0,0.0,0,22,0,19.376903006703987,20.0,23.089545027952163,74.05364214640973,0.6230969932960129,3,0,9,-1.0,-1.8369701987210297e-16,19.0,19.270860266159694,19.387875601629027,19.48,19.64,0.6400000000000006,19.376903006703987,0.17619284391186774,0.031043918245751787,0.20913973384030626,-0.3378488198676412,-0.5692764044763488,375.49467490854903,7277.096472761747,20.0,20.0,20.0,20.0,20.0,0.0,20.0,0.0,0.0,0.0,,,400.0,8000.0,19.227244444444445,20.494319528545656,21.51303641549889,26.854460980203022,27.946088888888887,8.718844444444443,23.089545027952166,2.974240438688458,8.846106187129712,6.360141451657366,0.4272738865849407,-1.5640302668053396,541.8969362488643,12928.379015141283,54.42388888888888,59.54816205182818,79.99704836635958,84.09354984729495,88.26500000000001,33.84111111111113,74.05364214640973,12.04400539799334,145.0580660268927,24.545387795466773,-0.4148414150703595,-1.5890423498607162,5627.749480606206,437329.532913682,18.54,28.59,23.028125,74.29166666666667,0.1251275588079825,-3.651221993296012
timeseries_table_timeseries_table (6),2025-09-05,0.0,0.0,12.1,11.9,0.0,0.0,0.0,0,21,0,19.406638288700286,20.0,24.894368210519065,68.73256297503985,0.593361711299714,4,0,9,-1.0,-1.8369701987210297e-16,18.99,19.200320855614972,19.379807098307097,19.550574162679425,19.92,0.9300000000000033,19.406638288700286,0.22139913799638838,0.049017578305543826,0.35025330706445246,0.0360319440674221,-0.7485214516271426,376.66553796723565,7311.672496500431,20.0,20.0,20.0,20.0,20.0,0.0,20.0,0.0,0.0,0.0,,,400.0,8000.0,18.202638888888888,19.104924494949493,25.615115761225827,30.530352866242037,32.87525555555556,14.672616666666674,24.894368210519065,5.427301312438821,29.455599536000157,11.425428371292544,0.1353525752806011,-1.6568373826920764,648.9072851224117,17628.496587716196,48.0,52.446031746031736,68.92817884729651,87.58385585086748,92.0,44.0,68.73256297503985,16.97897541407799,288.2856061118648,35.137824104835744,0.061520529003098255,-1.7478282218952297,5009.731143700327,383888.14826665504,17.48,33.14,24.840212765957446,69.12765957446808,-0.049779464285714274,-5.43357447725716
timeseries_table_timeseries_table (6),2025-09-06,0.0,0.0,18.04861111111111,5.951388888888889,0.0,0.0,0.0,0,24,0,19.718452775714415,20.0,17.921861917152395,69.38914788505286,0.28154722428558543,5,1,9,-1.0,-1.8369701987210297e-16,19.25,19.59278849526482,19.719180713445706,19.834426229508196,20.29,1.0399999999999991,19.718452775714418,0.22197289207682064,0.049271964816947865,0.2416377342433762,0.2148645047535865,-0.15009824785442394,388.86570429511175,7669.738142084573,20.0,20.0,20.0,20.0,20.0,0.0,20.0,0.0,0.0,0.0,,,400.0,8000.0,13.285,16.32673496992719,17.01923347800926,18.86905361401578,24.07645,10.791450000000001,17.9218619171524,2.6760288856569208,7.161130596870222,2.5423186440885885,0.6810872795148291,-0.3415210313518391,328.2873387201712,6150.854990556369,38.165,66.33008950169327,73.34148910891089,76.50080138196176,84.0,45.835,69.38914788505286,11.751453957118205,138.09667010626913,10.170711880268499,-1.1529839674946183,0.02301200727925723,4951.659891234901,360706.06587473885,11.88,24.14,17.926458333333333,69.33333333333333,0.1837405015197565,1.7919944423810819
timeseries_table_timeseries_table (6),2025-09-07,0.0,0.0,17.75583333333333,6.244166666666667,0.0,0.0,0.0,0,24,0,19.676719965855238,20.0,17.707931889548963,60.077072628111466,0.32328003414476214,6,1,9,-1.0,-1.8369701987210297e-16,18.94,19.446685389310282,19.665300632911393,19.94,20.52,1.5799999999999983,19.676719965855238,0.34516692217553036,0.11914020416412861,0.49331461068971905,-0.27566756834582207,-0.3307751101581271,387.2907707878057,7625.223246377572,20.0,20.0,20.0,20.0,20.0,0.0,20.0,0.0,0.0,0.0,,,400.0,8000.0,9.689999999999998,11.701109773582523,15.908509564509567,24.21937647058823,26.160533333333333,16.470533333333336,17.707931889548963,6.005679971547928,36.06819192065192,12.518266697005707,0.1581200291090933,-1.6302403115234405,349.317006297694,7485.913708328284,27.227777777777778,35.33286516853933,54.3239497447978,88.94617696099506,92.74222222222222,65.51444444444445,60.077072628111466,24.396625019204084,595.1953123276547,53.61331179245573,0.14430649732925038,-1.6418666480500619,4199.135724030967,325243.8770117674,9.02,27.1,17.544375,60.770833333333336,-0.3154065349544078,2.132344965855239
timeseries_table_timeseries_table (6),2025-09-08,0.0,0.0,17.078611111111112,6.921388888888889,0.0,0.0,0.0,0,24,0,19.664307221080843,20.0,17.64681441947339,55.7579929993535,0.3356927789191566,0,0,9,-1.0,-1.8369701987210297e-16,18.95,19.441129441624366,19.775618982118296,19.94453738080939,20.35,1.4000000000000021,19.664307221080843,0.3556573745928958,0.12649216810231143,0.5034079391850241,-0.39362825284085057,-0.8417711476447547,386.80912820559706,7611.1984609481015,20.0,20.0,20.0,20.0,20.0,0.0,20.0,0.0,0.0,0.0,,,400.0,8000.0,8.82,11.416365800711743,17.64540735042735,23.859285601577906,27.35071111111111,18.53071111111111,17.64681441947339,6.2411593141048,38.95206958403709,12.442919800866163,0.061715455968133055,-1.4567474336719357,349.90919769769613,7548.5603838465895,26.217777777777776,37.284277687148816,57.47470646554777,72.86255335661622,85.00000000000001,58.78222222222224,55.7579929993535,19.347476355592665,374.3248413302172,35.5782756694674,-0.03953675363278743,-1.4137841230137544,3478.926010212099,234949.41509829956,8.3,28.1,17.924255319148937,54.97872340425532,-0.7800223214285718,1.7400519019319063
timeseries_table_timeseries_table (6),2025-09-09,0.0,0.0,9.884166666666667,14.115833333333333,0.0,0.0,0.0,0,18,0,19.581679863110026,20.0,20.47826698267311,62.679004046702865,0.4183201368899745,1,0,9,-1.0,-1.8369701987210297e-16,19.12,19.39985008328706,19.59,19.734976491862568,20.3,1.1799999999999997,19.581679863110026,0.2858605508674259,0.08171625454222818,0.33512640857550835,0.19073780445768126,-0.653673727311181,383.52063386568926,7513.055000535074,20.0,20.0,20.0,20.0,20.0,0.0,20.0,0.0,0.0,0.0,,,400.0,8000.0,11.672833333333335,12.815942075892858,21.105176933325662,27.142507657539053,28.561333333333334,16.8885,20.47826698267311,6.515894624433789,42.45688275672515,14.326565581646195,-0.12080408131209362,-1.6249118266923057,461.226622443188,11126.437675960029,41.233333333333334,48.2329378959232,62.83395319359426,77.09743551587303,83.89555555555556,42.662222222222226,62.67900404670285,15.32733760193809,234.9272779637853,28.86449761994983,0.004270091803305782,-1.58003671093799,4160.3219473897725,289821.19958175096,10.69,30.14,20.356170212765957,62.51063829787234,-1.003115501519757,-0.774490349655931
timeseries_table_timeseries_table (6),2025-09-10,0.0,0.0,14.643333333333333,9.356666666666667,0.0,0.0,0.0,0,22,0,19.44102380514378,20.0,22.723490664681222,65.60025665551257,0.5589761948562213,2,0,9,-1.0,-1.8369701987210297e-16,19.02,19.22,19.33,19.670397052803928,19.96,0.9400000000000013,19.441023805143775,0.2831461594916411,0.08017174763486588,0.45039705280392894,0.35980149371501996,-1.2579710009907068,378.03099215439437,7352.334370690016,20.0,20.0,20.0,20.0,20.0,0.0,20.0,0.0,0.0,0.0,,,400.0,8000.0,15.600000000000001,16.906452356395935,22.66803835257083,27.558679557653154,30.65272222222222,15.052722222222219,22.723490664681222,5.339013560722808,28.50506580158204,10.652227201257219,0.023416080795255378,-1.552526278235707,544.4966442278775,13655.288694286288,40.0,49.868670749489645,67.59703908409001,82.0,86.0,46.0,65.60025665551257,16.241674150372862,263.79197920689006,32.131329250510355,-0.1899543866395802,-1.5838170122486872,4563.803704024642,332738.7790025524,14.97,31.14,23.005,64.79166666666667,-0.8959845174772039,-3.5639761948562203
timeseries_table_timeseries_table (6),2025-09-11,0.0,0.0,15.965833333333334,8.034166666666666,0.0,0.0,0.0,0,24,0,19.283308048111625,20.0,24.40959165746058,64.17750375138468,0.7166919518883752,3,0,9,-1.0,-1.8369701987210297e-16,18.95,19.22671323866239,19.272451953043063,19.37,19.65,0.6999999999999993,19.28330804811163,0.16160108619860464,0.026114911060568843,0.14328676133760965,0.12165685943065528,-0.3754713971561614,371.8714472403768,7171.894783629078,20.0,20.0,20.0,20.0,20.0,0.0,20.0,0.0,0.0,0.0,,,400.0,8000.0,17.02905555555556,18.997430531896015,23.586908588855916,30.286415986234946,32.55255555555556,15.523499999999999,24.40959165746058,5.501691715022092,30.268611727142734,11.288985454338931,0.19933384772537788,-1.5672480916090428,625.7528151142125,16768.462461356456,34.0,38.55786291566414,64.91846648044692,88.02358889361336,93.0,59.0,64.17750375138468,22.305885204403598,497.55251475203136,49.465725977949226,-0.0837558708277235,-1.6177134732288536,4610.65049666157,358108.124438149,15.7,33.59,24.378297872340426,64.36170212765957,-0.3228451114488348,-5.094989824228801
timeseries_table_timeseries_table (6),2025-09-12,0.0,0.0,14.93361111111111,9.06638888888889,0.0,0.0,0.0,0,24,0,19.463838678878556,20.0,24.377679363975066,58.277304923189696,0.536161321121444,4,0,9,-1.0,-1.8369701987210297e-16,19.05,19.342994444444443,19.45360097323601,19.530349134219072,19.89,0.8399999999999999,19.463838678878556,0.21032759143266522,0.04423769571786615,0.18735468977462943,0.21419074708211214,-0.6451004187244327,378.8842005346573,7376.22401916207,20.0,20.0,20.0,20.0,20.0,0.0,20.0,0.0,0.0,0.0,,,400.0,8000.0,16.444805555555558,18.744681794696277,22.524070349536036,30.665896527184746,33.19,16.74519444444444,24.377679363975076,5.913709532873286,34.97196043919638,11.921214732488469,0.1715117841670736,-1.5519379913073332,628.8671690266044,17052.529635393585,29.69888888888889,35.73676620370371,60.071849024597114,78.2444812893641,88.0,58.30111111111111,58.277304923189696,21.01869340824983,441.7854725900049,42.507715085660394,0.0071328265437165216,-1.5503924059206786,3833.2793602747365,274397.87834266707,15.21,33.86,24.335416666666664,58.395833333333336,0.4136833523302939,-4.871577987788108
timeseries_table_timeseries_table (6),2025-09-13,0.0,0.0,17.573888888888888,6.426111111111111,0.0,0.0,0.0,0,25,0,19.449846105629668,20.0,24.68415491350064,56.103219712805036,0.5501538943703324,5,1,9,-1.0,-1.8369701987210297e-16,19.05,19.34,19.415970037453185,19.66,19.97,0.9199999999999982,19.44984610562967,0.24673311650331106,0.06087723077943647,0.3200000000000003,0.48458054033,-0.5482381243501431,378.35586883268746,7361.279603466609,20.0,20.0,20.0,20.0,20.0,0.0,20.0,0.0,0.0,0.0,,,400.0,8000.0,15.14,18.013530487249543,24.32147229591837,31.429191227166594,33.15526666666666,18.015266666666662,24.684154913500645,6.554220221683765,42.95780271432837,13.415660739917051,-0.0713462284409711,-1.5220446146368278,651.7715386607355,18164.71937817366,27.835555555555555,32.613570942586485,57.1014672801636,77.55229062835923,88.0,60.16444444444444,56.10321971280503,22.131501584659294,489.80336239177683,44.938719685772746,0.1064612090035248,-1.521010008450928,3631.7447008293984,259233.99694760074,14.1,34.15,24.53,56.604166666666664,1.3562666223404254,-5.0801538943703335
timeseries_table_timeseries_table (6),2025-09-14,0.0,0.0,15.93361111111111,8.06638888888889,0.0,0.0,0.0,0,24,0,19.357335954847184,20.0,25.64578412680154,60.18374083495078,0.6426640451528165,6,1,9,-1.0,-1.8369701987210297e-16,19.08,19.268256944444442,19.350333202665624,19.42,19.93,0.8500000000000014,19.357335954847184,0.1590941019052436,0.02531093326103603,0.1517430555555599,0.4197619620525493,0.09596129760715044,374.731063120601,7254.749456756591,20.0,20.0,20.0,20.0,20.0,0.0,20.0,0.0,0.0,0.0,,,400.0,8000.0,18.8112,20.13689901475987,25.664967,30.477338441619583,33.66,14.848799999999997,25.64578412680154,5.102385475122449,26.03433753674054,10.340439426859714,0.12017241520054053,-1.4593036531441235,683.4513105981714,18864.11301038335,38.0,45.92761067708334,62.38997815230962,74.9542619047619,81.47,43.47,60.18374083495079,14.629378130501896,214.01870448520714,29.02665122767857,-0.13469062002322346,-1.462944324323643,3833.723379768336,255780.76365283056,17.91,34.14,25.547291666666666,60.458333333333336,1.3500473340932118,-6.189955711819483
timeseries_table_timeseries_table (6),2025-09-15,0.0,0.0,15.420555555555556,8.579444444444444,0.0,0.0,0.0,0,23,0,19.339680475688553,20.0,26.672725849504815,61.366369185098534,0.660319524311447,0,0,9,-1.0,-1.8369701987210297e-16,19.05,19.2,19.34,19.48743096646943,19.86,0.8099999999999987,19.339680475688553,0.1761023759493672,0.03101204681501226,0.28743096646942945,0.1956229557737843,-0.4828378750791904,374.05331318954967,7235.235803188493,20.0,20.0,20.0,20.0,20.0,0.0,20.0,0.0,0.0,0.0,,,400.0,8000.0,20.973422222222222,22.744286737734985,24.70029702326987,31.843335305555556,33.78908888888889,12.815666666666669,26.67272584950482,4.633332564597966,21.467770654163964,9.09904856782057,0.3467847590052523,-1.5516495967671118,732.6581229577547,20708.67720208363,30.76888888888889,39.936421623643845,66.44525294525295,81.13111804109627,88.0,57.23111111111111,61.366369185098534,20.121109818759326,404.859060338573,41.19469641745243,-0.17898927446535984,-1.540989493504596,4166.089656160174,303324.5191956604,19.12,34.14,26.623333333333335,61.625,1.1623994744174264,-7.283652857644782
timeseries_table_timeseries_table (6),2025-09-16,0.0,0.0,14.902222222222223,9.097777777777777,0.0,0.0,0.0,0,24,0,19.419141302433268,20.0,24.996299916708416,66.09959973415528,0.5808586975667325,1,0,9,-1.0,-1.8369701987210297e-16,18.94,19.31254207037226,19.40514615662216,19.61,19.89,0.9499999999999993,19.419141302433268,0.2152911948077104,0.0463502985617315,0.29745792962773976,0.06070146146874009,-0.46763225119815255,377.1482404649673,7325.650741126202,20.0,20.0,20.0,20.0,20.0,0.0,20.0,0.0,0.0,0.0,,,400.0,8000.0,18.15575,20.585982617187504,23.160083072100313,30.521605002170137,33.1,14.94425,24.996299916708416,5.090456869626767,25.91275114153034,9.935622384982633,0.2755560518622861,-1.4941528511367743,650.4398412104393,17575.98928148126,33.0,45.562910097282796,74.22842579477494,82.28379830917875,90.08500000000001,57.08500000000001,66.09959973415529,19.105626009006464,365.02494519602425,36.720888211895954,-0.39985492158200525,-1.4335639869426156,4730.126197487165,357590.6757939815,17.43,34.14,25.06458333333333,65.83333333333333,0.8584919579533945,-5.645442030900064
timeseries_table_timeseries_table (6),2025-09-17,0.0,0.0,17.41583333333333,6.5841666666666665,0.0,0.0,0.0,0,24,0,19.43723412195716,20.0,24.792522705122114,62.559916387642716,0.5627658780428391,2,0,9,-1.0,-1.8369701987210297e-16,19.04,19.268784530386743,19.46,19.58,19.86,0.8200000000000003,19.43723412195716,0.21880367492676003,0.047875048161455276,0.31121546961325564,0.17187822451456153,-0.709150383117191,377.8526854902488,7346.225052224492,20.0,20.0,20.0,20.0,20.0,0.0,20.0,0.0,0.0,0.0,,,400.0,8000.0,17.0342,19.247053821596243,22.60610534591195,31.498902480033628,33.563599999999994,16.529399999999995,24.79252270512211,5.8884222797626835,34.67351694480556,12.251848658437385,0.2870750382444178,-1.4910583569161324,648.9441528570219,17847.101399893534,26.0,33.67941526432092,66.16211378587435,90.0,94.59111111111112,68.59111111111112,62.559916387642716,25.130552109731557,631.5446493399331,56.32058473567908,-0.21591893595778003,-1.5048906858654245,4538.02865386832,358582.32882380084,16.1,34.41,24.745625,62.854166666666664,0.42431056864235067,-5.3083908780428395
timeseries_table_timeseries_table (6),2025-09-18,0.0,0.0,15.261944444444444,8.738055555555556,0.0,0.0,0.0,0,23,0,19.49822917307022,20.0,24.755265013399107,56.5228260856901,0.5017708269297785,3,0,9,-1.0,-1.8369701987210297e-16,19.12,19.34348936170213,19.42678433889602,19.64,20.08,0.9599999999999973,19.49822917307022,0.2317745758783316,0.0537194540235805,0.29651063829787105,0.5174513163716477,-0.4276189705774769,380.23343944290775,7415.932442011873,20.0,20.0,20.0,20.0,20.0,0.0,20.0,0.0,0.0,0.0,,,400.0,8000.0,15.950923761825264,18.774403084326895,24.818349857920335,31.738504037037035,33.70621666666667,17.755292904841404,24.75526501339911,6.303114089177969,39.729247221193816,12.96410095271014,0.06261691798841855,-1.5602450517191162,652.1109570245803,18104.020314452162,26.25388888888889,32.00039426523298,55.01026220410013,79.79869326395959,88.90555555555557,62.65166666666667,56.52282608569009,22.496417073077378,506.0887811258473,47.798298998726615,0.05347183403500699,-1.5487288328684627,3695.29544115984,266052.7852676232,15.16,34.7,24.252291666666665,58.0625,0.16620171605876408,-4.754062493596443
timeseries_table_timeseries_table (6),2025-09-19,0.0,0.0,14.569444444444445,9.430555555555555,0.0,0.0,0.0,0,24,0,19.40277482915654,20.0,23.51206505167459,64.35091458342907,0.5972251708434584,4,0,9,-1.0,-1.8369701987210297e-16,18.99,19.26,19.380291109362705,19.55,20.02,1.0300000000000011,19.40277482915654,0.25208972557818377,0.06354922974208399,0.28999999999999915,0.3808492830186344,-0.5193914261136494,376.52970722379416,7308.134574007894,20.0,20.0,20.0,20.0,20.0,0.0,20.0,0.0,0.0,0.0,,,400.0,8000.0,16.49064444444444,18.75,21.356018335492625,28.86588189814815,33.94622222222222,17.455577777777776,23.51206505167459,5.957615217134151,35.4931790754284,10.11588189814815,0.5406748745383272,-1.173463822221558,587.9160134132123,15587.938825338382,29.0,47.96035308641976,68.75767613038906,83.21560624130392,86.98,57.980000000000004,64.35091458342907,20.262962435712225,410.58764667108477,35.25525315488416,-0.602314483730779,-1.1194586472809216,4547.065769431858,339852.98431628064,15.77,34.97,23.604791666666667,63.875,-0.010744047619047617,-4.202016837510126
timeseries_table_timeseries_table (6),2025-09-20,0.0,0.0,16.038888888888888,7.961111111111111,0.0,0.0,0.0,0,24,0,19.392135416854938,20.0,24.55079802621515,68.51878771715123,0.6078645831450622,5,1,9,-1.0,-1.8369701987210297e-16,19.08,19.193545759463344,19.31781433077963,19.663884732319893,19.93,0.8500000000000014,19.392135416854938,0.2522110664493652,0.0636104220395261,0.470338972856549,0.5543106196669191,-1.0087823344938402,376.1167594915113,7296.1145792828775,20.0,20.0,20.0,20.0,20.0,0.0,20.0,0.0,0.0,0.0,,,400.0,8000.0,16.50087222222222,18.236416121279348,23.527733699885452,31.297150792100695,33.0336,16.53272777777778,24.55079802621515,5.973984063274036,35.68848558825217,13.060734670821347,0.08188386354684098,-1.5968705318681886,638.0199568342358,17413.57645246183,34.515,43.56589420097388,73.40717586994492,92.91712973308505,96.88888888888889,62.373888888888885,68.51878771715123,22.37830282667731,500.7884374024737,49.35123553211117,-0.13418920209537813,-1.59697995444774,5189.856518694847,421936.86525867984,15.26,33.86,24.400638297872337,69.02127659574468,-0.2586904761904764,-5.0085028810173995
timeseries_table_timeseries_table (6),2025-09-21,0.0,0.0,14.915277777777778,9.084722222222222,0.0,0.0,0.0,0,24,0,19.36584307589959,20.0,22.66327468930007,81.42009682648411,0.6341569241004095,6,1,9,-1.0,-1.8369701987210297e-16,19.11,19.268421864290612,19.37,19.471317641882973,19.61,0.5,19.36584307589959,0.13339850163839975,0.017795160239370143,0.2028957775923601,0.13023081041896006,-0.8120360706158696,375.0531339533276,7263.888797017608,20.0,20.0,20.0,20.0,20.0,0.0,20.0,0.0,0.0,0.0,,,400.0,8000.0,20.533916666666666,20.944148509228583,22.44162877012033,23.86129864624321,27.00863888888889,6.474722222222223,22.663274689300067,1.9109288259352093,3.651648977790117,2.9171501370146267,0.7428520508463503,-0.559972102088635,517.2316728496427,11890.869603310413,63.0,79.0,83.0,84.24752273060565,94.0,31.0,81.42009682648411,7.373518746106239,54.36877869918012,5.247522730605652,-0.9019364063286038,0.6977261581710801,6682.945900406731,552511.2804364864,19.1,27.1,22.601041666666664,81.39583333333333,-0.36747625379939247,-3.235198590767073
timeseries_table_timeseries_table (6),2025-09-22,0.0,0.0,16.914166666666667,7.085833333333333,0.0,0.0,0.0,0,24,0,19.323466654922505,20.0,22.973560773507433,82.57807438285106,0.6765333450774946,0,0,9,-1.0,-1.8369701987210297e-16,18.98,19.216696880269815,19.29,19.47039592760181,19.65,0.6699999999999982,19.32346665492251,0.16875323905906695,0.0284776556929266,0.25369904733199533,0.160579657327081,-0.6897635211868933,373.4240501736034,7216.917955931562,20.0,20.0,20.0,20.0,20.0,0.0,20.0,0.0,0.0,0.0,,,400.0,8000.0,20.363022222222224,21.20590713242809,21.757818510176843,24.79828724099974,27.04550305725403,6.682480835031807,22.97356077350743,2.2008883967073793,4.843909734761179,3.59238010857165,0.703316893551668,-1.0506363971924926,532.5678554771159,12462.259651196173,67.36242356864925,77.67700304325305,83.80775313427122,88.25273858024691,94.385,27.022576431350757,82.57807438285103,8.012135538350028,64.19431588489151,10.57573553699386,-0.5810792977738714,-0.8211005467665,6882.5302557160085,578516.786724465,19.65,28.59,22.99042553191489,82.48936170212765,-0.5191285144376906,-3.6669588769923855
timeseries_table_timeseries_table (6),2025-09-23,0.0,0.0,14.105277777777777,9.894722222222223,0.0,0.0,0.0,0,22,0,19.25701166778244,20.0,23.792575694557794,82.54754514527306,0.7429883322175606,1,0,9,-1.0,-1.8369701987210297e-16,19.02,19.140156944444445,19.24054079254079,19.370357537781054,19.61,0.5899999999999999,19.25701166778244,0.1530375658291246,0.02342049655490364,0.23020059333660825,0.31506133667764924,-0.8062975487711554,370.85516336977514,7142.436257527435,20.0,20.0,20.0,20.0,20.0,0.0,20.0,0.0,0.0,0.0,,,400.0,8000.0,20.474733333333333,20.818587791744257,22.154554702417226,26.913456163580246,29.05156111111111,8.576827777777776,23.792575694557794,3.1268168027533885,9.776983317980923,6.0948683718359895,0.4490589246851833,-1.4470965105421192,575.7429380014904,14171.631076723424,57.151111111111106,71.91804637345679,88.85406807804068,92.83728033946744,95.0,37.848888888888894,82.54754514527306,12.089010132637656,146.14416598701592,20.91923396601065,-0.7484747508860186,-0.8917945196578785,6958.437126535107,596909.3554652932,19.65,30.14,23.70404255319149,82.8936170212766,-0.3701176228470115,-4.447030885409049
timeseries_table_timeseries_table (6),2025-09-24,0.0,0.0,17.197222222222223,6.802777777777778,0.0,0.0,0.0,0,24,0,19.275444746278385,20.0,22.90894690860878,87.93146238524318,0.7245552537216149,2,0,9,-1.0,-1.8369701987210297e-16,18.94,19.2164875,19.29,19.382194127243068,19.58,0.639999999999997,19.27544474627839,0.15536208565813206,0.024137377660044763,0.16570662724306828,-0.3852598631863914,-0.2668134344154658,371.5660752211235,7162.998338351604,20.0,20.0,20.0,20.0,20.0,0.0,20.0,0.0,0.0,0.0,,,400.0,8000.0,20.542166666666667,21.00229375387958,22.410580237437316,25.14897843137255,26.035416666666666,5.49325,22.908946908608776,1.987549443310299,3.9503527896030795,4.146684677492971,0.3099964240139339,-1.5791160238265916,528.722026217039,12293.688337663747,71.0,81.0,92.1664118246687,94.0,96.0,25.0,87.9314623852432,8.00405427498882,64.0648848369668,13.0,-0.8139291517754526,-0.7825432951593747,7795.225682961027,696157.4682973868,19.65,26.83,22.862708333333334,88.14583333333333,-0.23757962892603882,-3.5872635870549487
timeseries_table_timeseries_table (6),2025-09-25,0.0,0.0,16.215555555555557,7.7844444444444445,0.0,0.0,0.0,0,24,0,19.37168763821446,20.0,20.852189133021067,91.20385351160259,0.6283123617855395,3,0,9,-1.0,-1.8369701987210297e-16,19.08,19.27306111111111,19.38604710920771,19.44,19.73,0.6500000000000021,19.37168763821446,0.1627370386103071,0.026483343735652587,0.16693888888888964,-0.025430046402363994,-0.6000465485541673,375.2880296478495,7270.959927721617,20.0,20.0,20.0,20.0,20.0,0.0,20.0,0.0,0.0,0.0,,,400.0,8000.0,18.528326848249026,19.722803617903985,20.194354706607836,22.16141563305615,24.161166666666666,5.63283981841764,20.852189133021067,1.5812483833336384,2.500346449795245,2.4386120151521666,0.8673789966647972,-0.6730190319355791,437.2724656482472,9224.054956523343,75.66111111111111,89.08505769704973,94.0,94.95555555555556,96.0,20.33888888888889,91.20385351160256,5.500583249026453,30.2564160794704,5.8704978585058285,-1.3967189943230676,0.9053640097385447,8347.89503784401,766554.7631915793,17.45,25.82,21.039148936170214,90.1063829787234,-0.19215932117527842,-1.6674612979557537
timeseries_table_timeseries_table (6),2025-09-26,0.0,0.0,15.549722222222222,8.450277777777778,0.0,0.0,0.0,0,23,0,19.635176054920407,20.0,20.25587487821109,72.93915130646326,0.3648239450795927,4,0,9,-1.0,-1.8369701987210297e-16,19.18,19.481656944444445,19.65,19.7782925682032,20.13,0.9499999999999993,19.635176054920407,0.2008961432089209,0.040359260356219256,0.2966356237587533,0.12216677051923137,-0.4266576438319385,385.5795807121589,7572.472842398459,20.0,20.0,20.0,20.0,20.0,0.0,20.0,0.0,0.0,0.0,,,400.0,8000.0,14.396170094496942,16.42767068339997,19.00457042253521,24.805284815047585,26.885919955530852,12.48974986103391,20.255874878211092,4.309215073709715,18.56933455148702,8.377614131647615,0.24621792390890496,-1.5865648220445803,428.61189420890395,9443.439029040315,44.06781545302947,54.21372229284816,77.33811479934843,91.39227159730007,95.0,50.93218454697053,72.93915130646326,18.546708701608775,343.9804036623307,37.178549304451906,-0.3022039236647552,-1.5558984901757593,5659.322691363051,460340.56540209416,13.56,27.75,20.169166666666666,73.97916666666667,-0.3453495440729479,-0.5339906117462583
timeseries_table_timeseries_table (6),2025-09-27,0.0,0.0,17.515,6.485,0.0,0.0,0.0,0,24,0,19.76639048235984,20.0,20.697943892586373,69.70192245652325,0.23360951764016136,5,1,9,-1.0,-1.8369701987210297e-16,19.39,19.67664166666667,19.770025,19.89962867686964,20.13,0.7399999999999984,19.76639048235984,0.18289304559971964,0.03344986612874113,0.22298701020297074,-0.18892613762281926,-0.593162613409647,390.74271340430636,7724.85752931952,20.0,20.0,20.0,20.0,20.0,0.0,20.0,0.0,0.0,0.0,,,400.0,8000.0,14.281733333333333,15.526480205726994,19.140555942028985,26.558513692542242,28.979,14.697266666666666,20.697943892586373,5.390051789654203,29.05265829515448,11.032033486815248,0.3556043427728754,-1.5645077725011698,457.0239179102087,10699.851815587885,37.0650723025584,47.20130442942943,76.66489203411359,90.35892249702913,92.0,54.9349276974416,69.70192245652323,20.934674252693767,438.2605860663994,43.1576180675997,-0.4110984645366546,-1.5464810435218985,5290.077377424468,425140.14139612217,13.81,29.7,20.780416666666667,69.77083333333333,-0.569497055471124,-1.0140261843068288
timeseries_table_timeseries_table (6),2025-09-28,0.0,0.0,17.5275,6.4725,0.0,0.0,0.0,3,24,0,21.034463314320963,23.40992592460055,21.343636868701488,68.474362638468,2.3754626102795875,6,1,9,-1.0,-1.8369701987210297e-16,19.47,19.92782412965186,20.99944505882842,22.04882042253521,22.49,3.0199999999999996,21.034463314320963,1.0522711935180507,1.1072746647079026,2.1209962928833512,-0.005649630177927677,-1.7110738059882433,443.52752992815283,9374.744424527418,20.0,20.0,24.44,25.56,25.56,5.559999999999999,23.40992592460054,2.2969238399131338,5.275859126361295,5.559999999999999,-0.6674133914768133,-1.3155210443403231,553.2062791515326,13185.034097451287,13.993333333333334,15.135619743597818,20.1394306031746,28.16624259485924,30.439555555555554,16.446222222222218,21.34363686870149,6.203039007865125,38.47769293309636,13.030622851261423,0.2376472698856074,-1.5842114687508282,493.59128120548655,12215.597341983266,35.50555555555555,43.530820073439415,76.00883174603175,89.92274233463361,93.91666666666666,58.411111111111104,68.47436263846798,21.942225972844984,481.461280643393,46.391922261194196,-0.3269148961021583,-1.5438352241519266,5164.728468471412,415384.0940207191,12.99,31.37,21.515208333333334,68.04166666666667,-0.4917602266970612,-0.480745019012371
timeseries_table_timeseries_table (6),2025-09-29,0.0,1.9147222222222222,16.11111111111111,5.974166666666667,1.9147222222222222,1.9147222222222222,0.10622100997025874,6,23,0,21.21811701542226,23.303999137727217,22.725748423943745,66.88587768932918,2.085882122304959,0,0,9,-1.0,-1.8369701987210297e-16,19.5,20.9,21.252344646681845,21.720744444444442,22.3,2.8000000000000007,21.21811701542226,0.6139827222816586,0.3769747832603963,0.8207444444444434,-0.6914817067449192,-0.30658196302999485,450.58118065905666,9576.139770180536,20.56,23.33,23.33,24.44,25.56,5.0,23.303999137727214,1.6860566542832727,2.8427870414529033,1.110000000000003,-0.6515781471845364,-0.8886244775367964,545.8981051708552,12850.001050095112,15.383666666666667,17.27040508540943,21.626669707070707,28.408709309895833,30.5878,15.204133333333335,22.725748423943745,5.4350846803711255,29.5401454828049,11.138304224486404,0.12966310480305257,-1.5661544380175119,545.8015309012349,13758.198902934013,43.0,49.0,69.4628716744914,83.71542610571736,91.0,48.0,66.88587768932918,16.642405024229912,276.9696449905131,34.715426105717356,-0.11084281878500783,-1.587580860555803,4748.831422584627,353920.88733971684,14.41,31.14,22.398958333333336,67.875,-0.46308732269503505,-1.180841317911078
timeseries_table_timeseries_table (6),2025-09-30,0.0,3.1166666666666667,18.566111111111113,2.317222222222222,3.1166666666666667,3.1166666666666667,0.1437392707986369,5,24,0,21.759601151635806,23.584471507982144,23.389176267720373,66.2371376216888,1.824870356346338,1,0,9,-1.0,-1.8369701987210297e-16,20.16,21.100989708404803,21.451547065727265,22.33,23.57,3.41,21.759601151635806,0.9000327855074072,0.8100590149882224,1.2290102915951948,0.6546372344128447,-0.7431640627982561,474.279500506392,10355.393128638265,20.56,23.33,23.33,25.56,25.56,5.0,23.584471507982148,1.840560733206248,3.387663812620721,2.2300000000000004,-0.5533088829977334,-0.9824211190806955,559.584980797667,13352.444472047411,15.787237354085603,18.007739448607445,22.980768614540462,29.36082861405278,30.999333333333333,15.21209597924773,23.389176267720373,5.34396832588871,28.557997468101785,11.353089165445336,0.03220796839394998,-1.488283007010982,575.4104512923695,14789.780181782022,38.153333333333336,45.64588167884258,71.46987636245322,84.3458604725415,91.0911617565314,52.93782842319807,66.23713762168882,18.62122737586355,346.7501089836101,38.699978793698925,-0.22925641569482685,-1.478147270485338,4731.666607122213,357543.7437489243,14.65,32.14,23.19333333333333,66.85416666666667,-0.2453208903242144,-1.4337321816975255
timeseries_table_timeseries_table (6),2025-10-01,0.0,11.760833333333334,11.738055555555556,0.5011111111111111,11.760833333333334,11.760833333333334,0.5004846564849401,3,23,0,20.759076814484217,20.372209540255714,23.36040456969774,70.39905251447585,-0.38686727422850353,2,0,10,-0.8660254037844386,0.5000000000000001,19.87,20.221241036798016,20.63,20.96205933382734,22.97,3.099999999999998,20.759076814484217,0.6645049499904082,0.4415668285617549,0.7408182970293247,1.197773046387847,1.159206442307326,431.3782846088042,8973.593468965948,19.44,20.0,20.56,20.56,20.56,1.1199999999999974,20.372209540255714,0.283626993561532,0.08044427147675332,0.5599999999999987,-1.0652599606691266,-0.06920354530115658,415.1070414515004,8459.887763694986,16.59,19.05474642805338,22.265838712921063,28.17,30.637821011673154,14.047821011673154,23.360404569697742,4.588633290200034,21.055555471931996,9.11525357194662,0.19157190240786923,-1.347586016251813,566.672511238531,14235.66356497761,46.23222222222222,54.0,73.8315387275242,84.75698931623931,92.0,45.76777777777778,70.39905251447585,14.947495466106998,223.42762070928927,30.756989316239313,-0.2749580854328836,-1.3593566690636205,5178.4827912073515,394963.41991128493,16.03,31.64,23.483333333333334,70.04166666666667,0.18062626646403235,-2.724256518849117
timeseries_table_timeseries_table (6),2025-10-02,0.0,5.943611111111111,17.127777777777776,0.9286111111111112,5.943611111111111,5.943611111111111,0.2576182621573137,5,16,0,20.803865250412336,20.95400740217682,22.943353408476217,71.07266334059254,0.1501421517644843,3,0,10,-0.8660254037844386,0.5000000000000001,19.96,20.451931621251873,20.7587906779614,20.93,22.03,2.0700000000000003,20.80386525041234,0.48815316455165286,0.23829351206179306,0.4780683787481266,0.5130784776513443,-0.23627876743621457,433.0381420084399,9018.801710822934,20.0,20.56,20.56,21.11,23.33,3.3299999999999983,20.95400740217682,1.0858318978171186,1.1790309103171255,0.5500000000000007,1.5425335950125918,0.8352777236816618,440.24520069151913,9276.10845722002,17.045222222222222,19.10446279272546,21.479603536619326,27.6488861585389,30.40702222222222,13.361799999999999,22.94335340847622,4.498364864842127,20.23528645724613,8.54442336581344,0.36876566361750546,-1.3256831529706319,546.5555181657074,13498.370210775642,44.03335186214563,52.22680605365749,75.50150455927051,86.68888888888888,94.84055555555555,50.807203693409924,71.07266334059253,17.042062972850676,290.431910370608,34.46208283523139,-0.34690652202207883,-1.3417368785784156,5340.646865953941,418982.9304789345,15.82,31.37,23.401875,69.22916666666667,0.5356938639817629,-2.598009749587664
timeseries_table_timeseries_table (6),2025-10-03,0.0,8.9725,14.087777777777777,0.9397222222222222,8.9725,8.9725,0.3890889817748172,0,24,0,21.37670412372483,21.11,21.824561589416465,68.7592535009401,-0.266704123724832,4,0,10,-0.8660254037844386,0.5000000000000001,20.57,21.18564826332441,21.364348529277734,21.49806117746793,23.38,2.8099999999999987,21.376704123724824,0.38014350853371137,0.14450908708031987,0.3124129141435219,1.1236961428961076,4.558913437676504,457.10750658339765,9777.671312114613,21.11,21.11,21.11,21.11,21.11,0.0,21.109999999999996,3.557843953933426e-15,1.265825360054063e-29,0.0,0.9956803493120129,-2.0057553837337747,445.6320999999998,9407.293630999995,17.480872222222224,18.684071371882087,20.123827432796787,25.948579100529102,28.12343888888889,10.642566666666667,21.824561589416465,3.685739968754073,13.584679117271275,7.264507728647015,0.571833926032757,-1.2889789190727008,489.8522043246647,11310.481465850742,45.062222222222225,53.000483014862,73.78071479122434,82.43393162393163,91.91111111111111,46.84888888888889,68.7592535009401,15.699119637721287,246.46235739948614,29.43344860906963,-0.22604369665569504,-1.4568421240318574,4973.499686598913,374882.9568641924,15.48,29.41,21.772916666666664,68.79166666666667,0.5993601190476191,-0.39621254294183217
timeseries_table_timeseries_table (6),2025-10-04,0.0,7.963888888888889,15.16638888888889,0.8697222222222222,7.963888888888889,7.963888888888889,0.34430580408075034,0,22,0,21.341583327727786,21.11,20.82779308121337,69.91230963083699,-0.23158332772778678,5,1,10,-0.8660254037844386,0.5000000000000001,20.84,21.223919180339614,21.4,21.420011648364984,21.69,0.8500000000000014,21.341583327727783,0.1512041307369819,0.022862689151926317,0.19609246802536973,-0.252746615065721,0.17971128499548872,455.4859173697551,9721.760334852983,21.11,21.11,21.11,21.11,21.11,0.0,21.110000000000007,7.118622220140783e-15,5.067478231308209e-29,0.0,-0.9944495916571139,-2.007393689986282,445.6320999999998,9407.293630999999,14.282866666666667,16.136483333333334,19.08809168413697,26.921180584176042,28.486600000000003,14.203733333333336,20.827793081213365,5.1900521564585125,26.936641386759657,10.784697250842708,0.2815234673084709,-1.5801231166448473,460.6174998077251,10750.228794730814,40.0,46.694138264910926,72.94202411572029,92.0,96.0,56.0,69.91230963083697,20.8729684287938,435.6808110294228,45.305861735089074,-0.14691226200137994,-1.576120161901201,5321.533914417143,431361.03574536566,13.25,30.26,20.706666666666667,70.54166666666667,0.27982886904761856,0.6349166610611192
timeseries_table_timeseries_table (6),2025-10-05,0.0,9.229444444444445,13.439444444444444,1.3311111111111111,9.229444444444445,9.229444444444445,0.40714145671992946,0,24,0,21.594162497691475,21.11,21.889771123224183,68.51805499561694,-0.4841624976914751,6,1,10,-0.8660254037844386,0.5000000000000001,21.05,21.326910305939727,21.45,21.61627448655315,23.42,2.370000000000001,21.594162497691478,0.4346417685677816,0.18891346698372902,0.28936418061342195,1.919685319646049,3.284655144939241,466.4958635515021,10081.864925404445,21.11,21.11,21.11,21.11,21.11,0.0,21.110000000000003,3.559672967896572e-15,1.2671271638373586e-29,0.0,-0.9941463507766561,-2.007797241210938,445.6320999999999,9407.293630999999,14.1126,15.692413551665727,23.059247012578616,26.31571589147287,29.33537777777778,15.222777777777779,21.889771123224183,5.327083336125588,28.377816870026926,10.623302339807143,-0.20206181326467704,-1.478124374259405,507.4245397180199,12314.178708079924,44.0,55.79272727272727,69.39260647984383,84.44929761291431,90.0,46.0,68.51805499561694,14.881790255716918,221.467681215151,28.656570340187038,-0.06030336782841655,-1.3577197052509509,4915.291266470648,366813.14665140485,13.54,30.82,21.791666666666668,68.83333333333333,-0.1238988095238099,-0.1975041689751933
timeseries_table_timeseries_table (6),2025-10-06,0.0,13.078611111111112,10.16611111111111,0.7552777777777778,13.078611111111112,13.078611111111112,0.5626486299159905,0,24,0,21.57084065363364,21.110000000000003,21.945064924447376,85.03392061398625,-0.46084065363363536,0,0,10,-0.8660254037844386,0.5000000000000001,20.97,21.321386870159994,21.48,21.567473647186148,23.19,2.2200000000000024,21.57084065363364,0.3945154125271306,0.15564241072145207,0.24608677702615367,1.9270597590269465,3.495371018500003,465.4563642225732,10047.098882245578,21.11,21.11,21.11,21.11,21.11,0.0,21.110000000000003,3.5573366003121485e-15,1.2654643687920396e-29,0.0,-0.9961064271377706,-2.005188058694552,445.6320999999999,9407.293630999999,21.250233333333334,21.54196987295826,21.795427107438016,22.126772892113056,24.092000000000002,2.8417666666666683,21.945064924447376,0.6116319963681878,0.3740936989813348,0.5848030191547977,1.7133430558078586,2.491517828872749,481.95890244317746,10593.38367425988,69.1,79.51509704027171,82.79742365591396,93.0,95.0,25.900000000000006,85.03392061398624,7.58475179585876,57.528459804782685,13.484902959728288,-0.03191368455499173,-1.3805089849381176,7288.132216044613,629480.3981576116,20.23,25.14,21.905208333333334,85.52083333333333,-0.30377232142857163,-0.33436767969969594
timeseries_table_timeseries_table (6),2025-10-07,0.47305555555555556,6.673055555555556,15.953055555555556,0.9008333333333334,7.146111111111112,7.146111111111111,0.30936661976742785,1,19,0,21.4796780542931,21.195584341691006,22.302445753266966,91.27145039353394,-0.28409371260209326,1,0,10,-0.8660254037844386,0.5000000000000001,21.17,21.26019527642169,21.44873404255319,21.48,23.51,2.34,21.47967805429309,0.41835522388857277,0.17502109335485785,0.21980472357831005,3.3019675107987148,11.295526333140074,461.5508020261322,9921.689331584732,21.11,21.11,21.11,21.11,22.22,1.1099999999999994,21.195584341691003,0.2966801522269632,0.08801911272541404,0.0,3.152046465396443,7.966684897369332,449.3404695254712,9527.832731770852,20.45411111111111,21.43923305761138,21.6553834262356,22.896668688803743,25.295377777777777,4.841266666666666,22.30244575326697,1.2501844569462692,1.5629611763900382,1.4574356311923644,0.9056333752157604,-0.22651154063056422,498.9556942530887,11199.13421920492,79.02833333333332,90.44281862745099,93.0,94.0,97.99610894941634,18.967775616083017,91.27145039353395,4.381674989243625,19.199075711363125,3.5571813725490102,-1.288275653271495,0.6988219905803059,8349.598687627471,765462.0157889725,19.67,26.1,22.287291666666665,91.45833333333333,-0.3551041666666664,-0.8076136123735651
timeseries_table_timeseries_table (6),2025-10-08,0.0,11.165555555555555,12.834444444444445,0.0,11.165555555555555,11.165555555555555,0.46523148148148147,0,24,0,21.356098324936585,22.22,18.80897578025756,68.89496518753951,0.8639016750634134,2,0,10,-0.8660254037844386,0.5000000000000001,20.88,21.23122637328771,21.37378632941446,21.44,22.02,1.1400000000000006,21.35609832493659,0.15602845642093155,0.024344879213098535,0.20877362671228994,0.5050976867280511,1.1173203547816932,456.10722352980366,9741.71001911188,22.22,22.22,22.22,22.22,22.22,0.0,22.219999999999995,3.5566070648223065e-15,1.2649453813543944e-29,0.0,0.9967195204998534,-2.004371579466504,493.7284000000001,10970.645048,12.93315,16.56844399551066,18.469816159052453,21.50326817558299,24.01136186770428,11.078211867704281,18.80897578025756,3.0178823751980417,9.107614030530973,4.934824180072329,0.1456851474362864,-1.0178430109395953,362.86165004646267,7170.7847335449615,35.18399110617009,51.10369198312236,77.5432196969697,84.07284722222222,87.17222222222222,51.98823111605213,68.89496518753951,18.698955817378753,349.6509486602827,32.96915523909986,-0.7196531822969253,-1.0832713458239376,5095.263686029151,394386.7322344529,11.81,24.7,18.795531914893616,67.8936170212766,-0.23438244047619058,2.56056641004297
timeseries_table_timeseries_table (6),2025-10-09,0.7211111111111111,7.231111111111111,15.236666666666666,0.8111111111111111,7.952222222222222,7.952222222222222,0.34293243890752273,0,22,0,21.749896374195696,22.22,15.822654482176555,63.56384122534974,0.47010362580430254,3,0,10,-0.8660254037844386,0.5000000000000001,20.68,21.22703198432206,21.444376232558053,22.324948347107437,24.66,3.9800000000000004,21.749896374195696,0.7911254354768313,0.625879454658406,1.0979163627853765,1.3250099316774977,1.4091664068039176,473.6816203779648,10330.309927785978,22.22,22.22,22.22,22.22,22.22,0.0,22.22,0.0,0.0,0.0,,,493.72839999999997,10970.645047999998,10.38833796553641,11.88287889388351,14.477915915069522,20.555525823771696,22.109733333333335,11.721395367796925,15.822654482176555,4.253958874309033,18.096166104312573,8.672646929888186,0.29615040784592694,-1.556249765143994,268.3949298644113,4840.353014397021,41.0,45.2265642580872,68.35134003350085,78.8713844797178,84.40222222222222,43.40222222222222,63.56384122534974,15.870891967781565,251.88521185299342,33.6448202216306,-0.24547020716600945,-1.5735841212014572,4291.44494097111,303719.0262654259,9.03,23.04,15.616875,64.1875,-0.41399062816616017,6.133021374195696
timeseries_table_timeseries_table (6),2025-10-10,2.8069444444444445,3.1569444444444446,11.28138888888889,6.754722222222222,5.963888888888889,5.963888888888889,0.3458273601469001,0,20,0,21.25749273076096,22.22,15.175212721933827,73.8601892532447,0.9625072692390404,4,0,10,-0.8660254037844386,0.5000000000000001,20.17,20.813221476510066,21.161030562851035,21.50991344285462,22.9,2.729999999999997,21.25749273076096,0.5637570168094582,0.3178219740018998,0.6966919663445559,0.6909428631032395,0.09309955940793024,452.1962765965647,9626.086960910634,22.22,22.22,22.22,22.22,22.22,0.0,22.219999999999995,3.563528661743854e-15,1.2698736523069946e-29,0.0,0.9909228789587283,-2.01208448117539,493.72839999999997,10970.645047999998,7.77751111111111,9.89,14.259540335463413,21.0964312442612,23.609265850945494,15.831754739834384,15.175212721933827,5.566224321442567,30.982853196618763,11.2064312442612,0.25510589358863234,-1.4690700170566553,261.06609979205695,4939.884836633338,49.0,57.12439969324239,80.66627802690584,86.47300852359207,92.0,43.0,73.86018925324473,14.837453869444149,220.15003732788313,29.348608830349683,-0.5287943619276407,-1.3747116266216979,5674.029238344271,449664.27977438096,7.14,24.97,15.464583333333332,72.54166666666667,-0.7783846251266463,5.792909397427627
timeseries_table_timeseries_table (6),2025-10-11,0.5841666666666666,7.749722222222222,14.415833333333333,1.2502777777777778,8.33388888888889,8.33388888888889,0.36632925920951415,1,20,0,21.405043844157056,22.2072603731291,16.9638257851748,70.3536330097165,0.8022165289720427,5,1,10,-0.8660254037844386,0.5000000000000001,20.42,21.214264498644987,21.428362050003667,21.581834666510048,22.87,2.4499999999999993,21.405043844157053,0.3912868081704851,0.153105366248246,0.36757016786506114,0.6166625408033268,2.0478221316444074,458.3281471940271,9817.088660165284,21.67,22.22,22.22,22.22,22.22,0.5499999999999972,22.2072603731291,0.08288341376260261,0.006869660276942784,0.0,-6.305235283143355,37.89484112127093,493.16925777663613,10952.23852042814,10.159144444444445,11.44,16.18711385933806,22.970445303030303,26.041900000000002,15.882755555555557,16.9638257851748,5.733656802855853,32.8748203329352,11.530445303030303,0.29874671036263545,-1.467913492987915,320.50074179591377,6603.660597114632,29.28,51.66563709402033,75.2915096108767,92.74772149986707,94.86444444444444,65.58444444444444,70.35363300971649,22.53873293712361,507.99448241098065,41.082084405846736,-0.45861627023662593,-1.2709540887719455,5455.380396880343,449717.1177079362,9.1,26.93,16.951489361702127,70.06382978723404,-1.1137682054204665,4.45355448245493
timeseries_table_timeseries_table (6),2025-10-12,0.19361111111111112,5.9425,13.546944444444444,4.316944444444444,6.136111111111111,6.136111111111111,0.3117458614995978,2,23,0,21.705984973685982,21.38651113584001,16.98297421843818,70.49746697188296,-0.3194738378459725,6,1,10,-0.8660254037844386,0.5000000000000001,19.83,21.2,21.48,22.359194964871193,23.49,3.66,21.705984973685982,0.8110745475916807,0.6578419217510495,1.159194964871194,0.23112344575723515,-0.8854670029157439,471.8031198330453,10269.437357125145,21.11,21.11,21.11,21.67,21.67,0.5600000000000023,21.386511135840006,0.2808573179273278,0.07888083303333208,0.5600000000000023,0.024689111073061938,-2.0118475516327523,457.4612463912355,9786.853471435841,10.21999444135631,12.196087549455985,15.193304162445118,22.727614056920817,25.332244444444445,15.112250003088135,16.98297421843818,5.405527800136431,29.219730798047806,10.531526507464832,0.3641259012735488,-1.4823226441853632,317.4437134886834,6434.421335873732,39.00833333333333,50.82291279419244,76.68502609655727,87.98503369763206,92.60978321289605,53.601449879562715,70.49746697188294,19.11375378979088,365.3355839367453,37.16212090343962,-0.43711240371560545,-1.4145416956899697,5332.759949713226,424056.1640141703,8.81,26.14,16.988125,70.33333333333333,-1.2168642350557248,4.717859973685982
timeseries_table_timeseries_table (6),2025-10-13,0.0,4.023333333333333,16.4925,3.484166666666667,4.023333333333333,4.023333333333333,0.1961086965351964,0,22,0,21.71809847044096,21.67,16.88467824361017,71.31514128457253,-0.04809847044095861,0,0,10,-0.8660254037844386,0.5000000000000001,20.72,21.38948754083659,21.845125319455654,21.97205520230882,22.22,1.5,21.71809847044096,0.3950879797982092,0.15609451178103015,0.582567661472229,-0.784038791358437,-0.492389424701678,471.8311033256232,10253.971745875284,21.67,21.67,21.67,21.67,21.67,0.0,21.67,0.0,0.0,0.0,,,469.5888999999999,10175.991463000002,9.751050000000001,11.225106096495196,15.56766563883262,22.896576631991955,25.5234,15.772349999999998,16.884678243610164,5.589221327560521,31.239395048457393,11.67147053549676,0.2992786953507268,-1.4726900960878437,316.18910879920935,6441.123807913283,40.31111111111111,50.94236181938818,77.48493478528361,88.68880208333333,92.90777777777778,52.59666666666667,71.31514128457255,18.73360562231076,350.94797961227323,37.746440263945146,-0.4447723523642241,-1.4159059888854792,5435.194853860806,434514.76788084576,8.81,26.37,16.951249999999998,71.14583333333333,-1.0269215425531915,4.766848470440962
timeseries_table_timeseries_table (6),2025-10-14,0.40694444444444444,5.865555555555556,16.913888888888888,0.8136111111111111,6.2725,6.2725,0.27052509254711216,1,20,0,21.64956273696238,21.427621629707193,18.672355355863697,68.3040758781457,-0.22194110725518712,1,0,10,-0.8660254037844386,0.5000000000000001,20.83,21.32,21.61,21.94,22.79,1.9600000000000009,21.64956273696238,0.45249991601523376,0.2047561739937936,0.620000000000001,0.3915658627865447,-0.642060800104765,468.9072039894672,10160.48952647874,21.11,21.11,21.67,21.67,21.67,0.5600000000000023,21.42762162970719,0.2780661617806548,0.07732079032742528,0.5600000000000023,-0.2694183079612627,-1.9357735535041336,459.21995331887354,9843.284806271831,10.500794444444445,12.527519973756055,18.89213028797093,24.949483559191318,26.53775,16.036955555555554,18.672355355863697,5.837844400638742,34.080427246069114,12.421963585435263,0.006400743897831495,-1.6141950941049623,382.58513701722944,8412.080994361677,41.055,45.95386191047162,69.48512254901962,90.0,96.90333333333334,55.848333333333336,68.3040758781457,20.364545876511855,414.71472875655604,44.04613808952838,-0.0014597897045439323,-1.6180580719256275,5078.310105284948,403257.4457245904,9.92,27.92,18.414166666666667,69.14583333333333,-0.6531544452887538,3.235396070295714
timeseries_table_timeseries_table (6),2025-10-15,1.3125,10.122222222222222,12.565277777777778,0.0,11.434722222222222,11.434722222222222,0.4764467592592592,0,22,0,21.6690449695589,21.11,18.63345658105452,70.5345972459488,-0.5590449695589008,2,0,10,-0.8660254037844386,0.5000000000000001,20.79,21.326631977294227,21.6,21.90172184531886,23.55,2.7600000000000016,21.669044969558907,0.5179834409978094,0.268306845147931,0.5750898680246337,1.0001242836590702,0.9973840043008524,469.81491939060555,10192.168628288324,21.11,21.11,21.11,21.11,21.11,0.0,21.11,0.0,0.0,0.0,,,445.6321,9407.293631,10.582445803224013,13.616575235042735,18.017586562427155,24.013231666666666,27.327042801556424,16.744596998332412,18.633456581054524,5.60239955230131,31.386880743625916,10.396656431623931,0.1515956200089983,-1.4598946680861526,378.4886548329825,8245.02777627241,41.42666666666667,53.60696296296296,76.96497666662357,84.64840277777778,94.73611111111111,53.309444444444445,70.53459724594879,17.683624750696346,312.71058432344046,31.041439814814815,-0.31132712465008866,-1.377196455094047,5286.804527460641,415148.7916525769,9.36,28.59,18.795833333333334,70.125,0.10886414007092204,2.873211636225566
timeseries_table_timeseries_table (6),2025-10-16,0.0,7.914722222222222,16.085277777777776,0.0,7.914722222222222,7.914722222222222,0.3297800925925926,0,16,0,21.331645663414108,21.11,19.476561421836895,70.92377418202967,-0.22164566341410818,3,0,10,-0.8660254037844386,0.5000000000000001,20.52,21.22022101788843,21.35542529878911,21.499139315298617,21.94,1.4200000000000017,21.331645663414104,0.22819133719679296,0.05207128637166047,0.27891829741018626,-0.7837443086958985,1.0696505860481436,455.0909807561044,9710.043351049848,21.11,21.11,21.11,21.11,21.11,0.0,21.11,0.0,0.0,0.0,,,445.6321,9407.293630999999,14.189555555555556,16.14160693306011,18.04560611755609,23.73081308447555,26.367422222222224,12.177866666666668,19.476561421836898,4.129155577212899,17.049925780828385,7.589206151415439,0.46309303748691666,-1.3372191222183143,396.3279804426301,8413.582210363433,50.0,54.99229146381045,73.0,84.080477582846,91.98833333333333,41.98833333333333,70.92377418202967,14.389839944961404,207.06749364160683,29.088186119035548,-0.22889186991931154,-1.4336756183461727,5236.540102612949,399984.59315367485,13.25,27.19,19.739166666666666,69.97916666666667,0.5512786537487336,1.5924789967474418
timeseries_table_timeseries_table (6),2025-10-17,0.0,6.458055555555555,15.778888888888888,1.7630555555555556,6.458055555555555,6.458055555555555,0.29042009668594554,0,23,0,21.240138098533816,21.11,18.84012297967364,72.23854805197708,-0.1301380985338163,4,0,10,-0.8660254037844386,0.5000000000000001,20.52,21.145411213289616,21.29288343862031,21.441254837175542,21.56,1.0399999999999991,21.240138098533816,0.2644006848980374,0.06990772217455128,0.29584362388592567,-1.1813103653165253,0.7215454856412071,451.21294263781317,9586.754746414916,21.11,21.11,21.11,21.11,21.11,0.0,21.11,0.0,0.0,0.0,,,445.6321,9407.293630999999,10.985888888888889,13.395807581699346,20.12961686369736,24.056082544947472,27.068977777777775,16.083088888888888,18.840122979673648,5.471650726598628,29.938961673887295,10.660274963248126,-0.028212510933316032,-1.526614386845663,384.71713256498833,8365.120505708752,49.07888888888888,57.88209138187221,76.73876934279993,84.0,90.84111111111112,41.762222222222235,72.23854805197708,13.601584678877177,185.00310577666636,26.117908618127792,-0.35015848776473063,-1.3396047957960873,5402.347694194371,415951.73550738045,9.92,28.14,19.126041666666666,71.91666666666667,0.6406599860688958,2.11409643186715
timeseries_table_timeseries_table (6),2025-10-18,0.0,6.570555555555556,17.231666666666666,0.19777777777777777,6.570555555555556,6.570555555555556,0.2760479880496686,0,24,0,21.263279251893557,21.11,23.339063610267743,69.01948116002728,-0.15327925189355796,5,1,10,-0.8660254037844386,0.5000000000000001,20.18,21.08086613333333,21.328811656333546,21.524143668628795,22.12,1.9400000000000013,21.263279251893557,0.3723849685319512,0.13867056478854228,0.443277535295465,-0.8133979897252336,0.5432037191237455,452.26513731477576,9622.470517991413,21.11,21.11,21.11,21.11,21.11,0.0,21.110000000000003,3.55898502292044e-15,1.2666374393372006e-29,0.0,-0.9947229619663944,-2.0070298551874632,445.63209999999987,9407.293630999999,17.630733333333332,19.404796296296297,24.979631933103487,26.81195129284426,29.268749999999997,11.638016666666665,23.33906361026774,4.0350979703458405,16.282015630289123,7.407154996547963,-0.0796179128909051,-1.5542437785110073,560.931997029735,13843.520910333036,51.16166666666667,58.464674726540004,65.03635184177101,81.30696404226312,92.30222222222223,41.14055555555556,69.01948116002727,11.677930621208569,136.37406359376075,22.842289315723114,0.013921539546947637,-1.5142008795626998,4899.544310631929,356939.53375198273,15.77,30.26,23.390416666666667,68.8125,0.49536869934143873,-2.1271374147731095
timeseries_table_timeseries_table (6),2025-10-19,0.6458333333333334,3.9202777777777778,19.426666666666666,0.007222222222222222,4.566111111111111,4.566111111111111,0.19031189941417556,0,24,0,21.632953193000212,21.11,15.894573819761467,79.90659684588552,-0.5229531930002125,6,1,10,-0.8660254037844386,0.5000000000000001,20.55,21.16,21.39,21.723921480138724,24.6,4.050000000000001,21.63295319300021,0.8041721803280635,0.6466928956135914,0.563921480138724,2.0165886596336353,3.876422365849308,468.62836279756084,10166.714387539198,21.11,21.11,21.11,21.11,21.11,0.0,21.109999999999996,3.559812014906171e-15,1.2672261581470334e-29,0.0,0.9940298606272403,-2.0079522547261153,445.63209999999987,9407.293630999999,7.245333333333334,13.99633206521739,16.811640796061532,18.732575763482778,19.522000000000002,12.276666666666667,15.894573819761467,3.4275798225553316,11.748303439988439,4.736243698265389,-1.1413368717173356,0.32312138690808023,264.32459127141846,4526.890496201653,38.07,72.91648821625961,90.0,94.53981088944306,95.86166666666666,57.791666666666664,79.9065968458855,19.79798283589224,391.9601243702836,21.623322673183452,-1.1042504882539652,-0.4136400237153861,6774.982884880068,595110.9675465919,6.32,20.16,15.267708333333333,77.70833333333333,0.888623511904762,6.365244859666879
timeseries_table_timeseries_table (6),2025-10-20,3.493333333333333,1.2330555555555556,19.045,0.2286111111111111,4.726388888888889,4.726388888888889,0.19882678757142688,0,24,0,21.24538248902551,21.11,13.035270899652428,65.89188573293987,-0.13538248902550976,0,0,10,-0.8660254037844386,0.5000000000000001,19.29,20.96,21.355984314583388,21.576710270645385,22.41,3.120000000000001,21.245382489025516,0.6838609667593514,0.46766582185703465,0.6167102706453846,-0.583567761082175,-0.033878709112693084,451.8318457706969,9618.936117168209,21.11,21.11,21.11,21.11,21.11,0.0,21.11,0.0,0.0,0.0,,,445.63209999999987,9407.293631,5.045869927737632,6.540869763205829,14.737431076388889,19.00838491803279,21.83625,16.790380072262366,13.035270899652431,6.085351501932937,37.031502902077456,12.467515154826959,0.013411243686981692,-1.5838394216841736,206.78878379504613,3659.803852393654,33.31666666666666,42.85440917107584,62.9643721770551,89.38833681257019,95.0,61.68333333333334,65.89188573293988,22.169600969304,491.49120713816484,46.53392764149435,-0.023413253686518094,-1.589244963673713,4831.094894289066,382563.79185606,4.1,23.1,13.129787234042555,65.12765957446808,0.18686011904761918,8.115595254982955
timeseries_table_timeseries_table (6),2025-10-21,19.34777777777778,0.0,4.368888888888889,0.2833333333333333,19.34777777777778,19.34777777777778,0.8157882408058093,0,23,0,21.461592383199083,21.11,16.437070607895052,52.69120534924224,-0.35159238319908326,1,0,10,-0.8660254037844386,0.5000000000000001,19.98,20.92,21.51676536655095,21.94552268907563,23.07,3.09,21.461592383199083,0.689631896555353,0.47559215274653305,1.025522689075629,-0.17522552659462629,-0.7084811713169019,461.0745510182611,9915.70809037894,21.11,21.11,21.11,21.11,21.11,0.0,21.11,0.0,0.0,0.0,,,445.6321,9407.293631,11.189333333333332,13.910075396825397,15.717814650059314,19.173401837440554,21.957988888888888,10.768655555555556,16.437070607895052,3.137871094565263,9.8462350061082,5.263326440615158,0.4289191223036225,-1.0665236472385835,280.0008379976022,4938.5862209381485,28.0,40.749983719983724,54.74731307715222,63.5423974463461,78.73818788215675,50.73818788215675,52.691205349242246,14.694346602722975,215.92382208095626,22.792413726362376,-0.1363085083223078,-0.9195086080590325,2991.789422909595,179910.6461078402,9.1,23.14,16.52446808510638,52.4468085106383,-0.6877906534954406,4.9371242980927015
timeseries_table_timeseries_table (6),2025-10-22,9.321944444444444,0.0,13.957222222222223,0.7208333333333333,9.321944444444444,9.321944444444444,0.4004415011037527,1,24,0,21.373207194281974,21.49941835861347,11.148527505967293,58.07251005320507,0.12621116433149737,2,0,10,-0.8660254037844386,0.5000000000000001,19.55,20.908424437299036,21.34269980058291,22.04,22.96,3.41,21.373207194281978,0.7887370084727543,0.6221060685345497,1.131575562700963,-0.1540623567761232,-0.6690295748016557,457.4338213781371,9803.24799673651,21.11,21.11,21.11,22.22,22.22,1.1099999999999994,21.49941835861347,0.5306152345852044,0.28155252717391155,1.1099999999999994,0.6220175657927832,-1.6184915831802618,462.50559747872177,9955.760065904678,5.65,7.6594980407496625,9.542826363263632,15.709563481314268,19.078144444444447,13.428144444444447,11.148527505967293,4.458250955422734,19.87600158152772,8.050065440564605,0.6688064887490206,-1.0840668824689805,144.0906633532841,2107.1670774050417,24.999999999999996,34.66910521140609,66.96850121149187,74.57623676918584,83.0,58.0,58.07251005320507,19.958718848608125,398.3504580777853,39.90713155777975,-0.6768838075635881,-1.1625194151291702,3769.263672681623,259600.82564487847,4.15,19.7,11.500416666666666,56.333333333333336,-0.853256712259372,9.872790527615308
timeseries_table_timeseries_table (6),2025-10-23,11.86138888888889,2.9258333333333333,8.934444444444445,0.2783333333333333,14.787222222222223,14.787222222222223,0.6233635448136958,1,24,0,21.160430510998143,21.916138715271718,10.944683196291608,64.97211511332684,0.7557082042735743,3,0,10,-0.8660254037844386,0.5000000000000001,19.82,20.8766875,21.24,21.52,22.39,2.5700000000000003,21.160430510998143,0.5833807401002866,0.34033308791995814,0.6433125000000004,-0.28866346913154456,-0.4030707313979658,448.10342529124824,9496.376493552158,21.67,21.67,21.67,22.22,22.22,0.5499999999999972,21.916138715271714,0.2737660369095726,0.07494784296517344,0.5499999999999972,0.2104079993446955,-1.9597899233739005,480.3919282132756,10531.618758450843,5.3903888888888885,6.451772416166252,9.393373481860614,16.53205552865214,18.848399999999998,13.458011111111109,10.944683196291608,4.945684256676993,24.459792766742662,10.080283112485889,0.4751677086452685,-1.3928428319158521,144.1896536252714,2169.769852229068,32.16,42.196000000000005,71.11746350678345,82.71763888888889,87.99722222222222,55.83722222222222,64.97211511332684,19.663400348194845,386.6493132533891,40.52163888888888,-0.4727182622321133,-1.3672978921861279,4607.136206556798,345868.7291083034,4.92,20.26,10.851875,65.33333333333333,-1.4350009498480243,10.308555510998143
timeseries_table_timeseries_table (6),2025-10-24,3.41,0.9141666666666667,19.373055555555556,0.30277777777777776,4.324166666666667,4.324166666666667,0.18247567694291408,0,24,0,21.397654743178705,21.67,9.53907209030565,67.03694265991385,0.2723452568212963,4,0,10,-0.8660254037844386,0.5000000000000001,18.13,20.744403669724772,21.65828953710872,22.197242241411953,23.4,5.27,21.39765474317871,1.115904012939824,1.245241766095203,1.452838571687181,-0.7435302523769307,0.21015226870171855,459.09931115934614,9875.667968192323,21.67,21.67,21.67,21.67,21.67,0.0,21.67,0.0,0.0,0.0,,,469.5889000000002,10175.991463000002,2.1216666666666666,4.3069037037037035,8.765009691232816,15.65986663974152,16.95448888888889,14.832822222222223,9.53907209030565,5.302750983990296,28.11916799821005,11.352962936037816,0.19035227119448547,-1.556318134471994,119.00013595672326,1697.8411794177389,37.04222222222222,43.14965345013063,71.88891203703703,84.96695689882874,92.97055555555555,55.92833333333333,67.03694265991385,19.902892017787412,396.1251106717059,41.81730344869811,-0.2955481931282437,-1.5193387621176313,4888.485927962006,378275.7778147996,2.1,18.04,9.313958333333334,67.79166666666667,-1.6909192945795337,12.083696409845372
timeseries_table_timeseries_table (6),2025-10-25,2.2933333333333334,4.272222222222222,15.446944444444444,1.9875,6.565555555555555,6.565555555555555,0.29826487475550506,2,24,0,21.696931635318276,21.769001525447234,13.695045731074153,56.88434282284635,0.07206989012895804,5,1,10,-0.8660254037844386,0.5000000000000001,19.82,21.192242990654208,21.76891891891892,22.037038004986837,23.45,3.629999999999999,21.696931635318272,0.7779683888496418,0.6052348140493075,0.8447950143326288,0.13477942573034518,-0.3146154707140094,471.36030750928546,10253.322511978831,21.67,21.67,21.67,21.67,22.22,0.5499999999999972,21.769001525447237,0.2115984615358367,0.04477390892433296,0.0,1.6588928731081711,0.7540432557631407,473.9340769518791,10319.031312303843,6.737533333333333,9.487795202952029,13.88798293135436,17.02807480620155,21.45305,14.715516666666668,13.695045731074146,4.759158052613662,22.649585369757464,7.54027960324952,0.16576776397519177,-1.4119927760116586,210.14059594773022,3514.394994836412,30.002222222222223,42.0,61.389625986122994,71.96115114560236,81.98,51.97777777777778,56.88434282284637,16.590723873381695,275.25211864279726,29.961151145602358,-0.2043309180714536,-1.4938744701637259,3510.3117163633083,229976.27049256707,5.26,22.19,13.876666666666667,56.541666666666664,-1.8818004369300916,7.820264968651609
timeseries_table_timeseries_table (6),2025-10-26,14.792777777777777,0.0,9.207222222222223,0.0,14.792777777777777,14.792777777777777,0.6163657407407407,0,23,0,21.32940144649276,21.67,13.053250595607606,79.35965248037937,0.3405985535072418,6,1,10,-0.8660254037844386,0.5000000000000001,19.8,20.49,21.372632103688932,21.959855557304785,24.3,4.5,21.329401446492767,0.8719917301368381,0.7603695774270361,1.4698555573047862,0.31990586885147204,-0.07041325386236696,455.70195491806896,9752.422537833632,21.67,21.67,21.67,21.67,21.67,0.0,21.67,0.0,0.0,0.0,,,469.5889000000001,10175.991463000002,11.411,12.89,13.073120313486951,13.43003265993266,14.455411111111113,3.0444111111111134,13.053250595607608,0.7083207908877633,0.5017183428038666,0.5400326599326597,-0.6911430038106279,0.21503689256869007,170.8877730247078,2243.459573588177,66.0338888888889,75.06620621980676,79.21833333333333,83.81462122529415,92.71111111111111,26.677222222222213,79.35965248037935,6.773802177642688,45.88439594183682,8.748415005487388,0.06936579671976265,-0.5576055688416721,6343.720273417821,510720.91702506616,10.48,15.13,13.069791666666667,79.41666666666667,-0.6241919959473151,8.259609779826093
timeseries_table_timeseries_table (6),2025-10-27,1.4847222222222223,1.5658333333333334,18.156666666666666,2.792777777777778,3.0505555555555555,3.0505555555555555,0.14384512613627434,1,24,0,21.10680943418614,21.400508637123846,12.878141178634328,94.50904550218476,0.2936992029377059,0,0,10,-0.8660254037844386,0.5000000000000001,20.09,20.624246151613,20.858204359578856,21.563280438340566,22.41,2.3200000000000003,21.106809434186147,0.5868572980049758,0.34440148822170097,0.9390342867275656,0.4624856086704153,-0.8033496512309335,445.8390507673648,9424.755483621362,21.11,21.11,21.67,21.67,21.67,0.5600000000000023,21.40050863712385,0.2804713172195354,0.07866415978286126,0.5600000000000023,-0.07457872055061832,-2.003912535856788,458.0600594961581,9806.06748731138,11.230116796440491,11.488785046728973,13.430248185433758,13.776409390923094,14.041811111111112,2.8116943146706213,12.878141178634328,1.0508080432521822,1.1041975437634801,2.2876243441941213,-0.5266528358538122,-1.5304213800123692,166.94487544555435,2177.618147330241,90.32444444444444,94.0,95.0,95.0,96.99388888888889,6.669444444444451,94.50904550218478,1.147933649519877,1.317751663700024,1.0,-0.7089592338655751,1.0647152162333233,8933.270461166707,844521.5530872293,10.14,14.41,12.79625,94.58333333333333,-0.27364456686930083,8.310559434186139
timeseries_table_timeseries_table (6),2025-10-28,0.0,2.433611111111111,18.04222222222222,3.5241666666666664,2.433611111111111,2.433611111111111,0.11885284820859278,0,24,0,20.71343189543583,21.11,14.506668986963847,90.79185131846141,0.3965681045641709,1,0,10,-0.8660254037844386,0.5000000000000001,19.55,20.27557947155897,20.64295492487479,21.259059775497068,21.75,2.1999999999999993,20.71343189543583,0.593033660952304,0.3516889230224923,0.9834803039380979,-0.09571181068854383,-1.0772463782432278,429.3939982489479,8908.60904539502,21.11,21.11,21.11,21.11,21.11,0.0,21.11,0.0,0.0,0.0,,,445.6320999999999,9407.293630999999,13.612427777777777,13.689999999999998,13.796810289389068,15.356472193173566,17.439844444444446,3.82741666666667,14.506668986963849,1.1853224860034979,1.4049893958255122,1.6664721931735684,1.18006785890093,-0.1041351544999527,211.8394855161207,3115.5543315740397,73.99999999999999,84.58171548117154,95.0,95.65349281791298,97.98944444444444,23.98944444444446,90.7918513184614,7.279144706310306,52.985947655405354,11.071777336741434,-1.124968341690422,-0.32165144126363643,8295.808723376555,762318.0423204069,12.45,18.1,14.546382978723404,90.55319148936171,-0.17932544959473118,6.1670489167124245
timeseries_table_timeseries_table (6),2025-10-29,2.4833333333333334,0.0,21.47222222222222,0.044444444444444446,2.4833333333333334,2.4833333333333334,0.10366419294990724,1,24,0,20.778601808323238,21.132678192790735,11.386878601318347,93.44240647570136,0.354076384467497,2,0,10,-0.8660254037844386,0.5000000000000001,19.12,20.0061,20.81,21.368934426229508,22.83,3.7099999999999973,20.778601808323234,0.8113461420853948,0.6582825622768536,1.362834426229508,0.27438471028990313,-0.5233741522289166,432.4046573225455,9012.104288944063,21.11,21.11,21.11,21.11,21.67,0.5600000000000023,21.132678192790735,0.11062865483461794,0.012238699270517035,0.0,4.631765922240386,19.538261148528168,446.60227308758766,9438.423412485563,10.033472222222223,10.694258529474132,11.167290353564363,11.86,13.517416666666666,3.483944444444443,11.386878601318346,0.9576293661003757,0.9170540028178075,1.1657414705258677,0.7890721832433495,-0.47903891654890396,130.57375286612586,1508.3071485557532,91.10333333333332,92.86085154826958,93.70980002040608,94.04552340463495,95.0,3.8966666666666754,93.44240647570135,1.0203297103342177,1.0410727177907086,1.1846718563653695,-0.3306138262960223,-0.6867843733270278,8732.519513022642,816180.9339521859,9.03,14.1,11.267916666666666,93.54166666666667,0.5993743667679838,9.510685141656571
timeseries_table_timeseries_table (6),2025-10-30,11.736944444444445,0.0,11.503333333333334,0.7597222222222222,11.736944444444445,11.736944444444445,0.5050259965337955,0,23,0,21.250794043887215,21.669999999999998,10.559299983014665,79.13763123209158,0.41920595611278344,3,0,10,-0.8660254037844386,0.5000000000000001,19.15,20.6,21.38,21.93393542757417,23.1,3.950000000000003,21.25079404388722,0.900925397978425,0.8116665727225835,1.3339354275741684,-0.27923155008591927,-0.5818080985411482,452.4059952349298,9648.198005465909,21.67,21.67,21.67,21.67,21.67,0.0,21.669999999999998,3.556960797685563e-15,1.265197011627192e-29,0.0,0.9964221845928103,-2.0047675736638544,469.5889,10175.991463000002,6.591033333333334,8.731135136707389,9.47,12.967071706758308,15.53411111111111,8.943077777777777,10.559299983014663,2.6042971501401033,6.782363646227864,4.235936570050919,0.7573285202713245,-0.8931818752625404,118.26463742716474,1405.0533708824883,50.35611111111112,65.99726517754868,84.93276175722842,92.90183385254413,96.00000000000001,45.643888888888895,79.13763123209158,15.702924724150211,246.58184489232798,26.904568674995446,-0.6643634662118459,-1.0796914338020687,6508.74510278496,551446.8335315394,5.21,16.14,10.495,79.0625,0.3797342008611955,10.755794043887215
timeseries_table_timeseries_table (6),2025-10-31,20.276944444444446,0.0,3.7230555555555553,0.0,20.276944444444446,20.276944444444446,0.8448726851851852,1,24,0,20.712761352455765,21.73661111111111,9.470034959128649,75.75292225994177,1.023849758655345,4,0,10,-0.8660254037844386,0.5000000000000001,19.27,20.24,20.69,21.127599999999997,22.34,3.0700000000000003,20.712761352455765,0.6561924198828417,0.4305884919116997,0.8875999999999991,0.12324904482117688,-0.2568784687070873,429.4481512748167,8912.891133836474,21.67,21.67,21.67,21.67,22.22,0.5499999999999972,21.736611111111113,0.17963301408092794,0.03226801974779885,0.0,2.315204858630226,3.3673824865216533,472.5124616666667,10272.23284162778,5.317983333333333,6.142205555555556,7.212957885304659,13.167861111111112,17.078322222222223,11.760338888888889,9.470034959128649,3.9679502397498747,15.74462910513109,7.025655555555556,0.7210221755029593,-1.065707766300082,105.39024459045733,1340.6179155765617,41.12451361867704,59.603533982834605,83.45900900900901,91.0,95.0,53.87548638132296,75.75292225994177,18.137545618553634,328.9705610651141,31.396466017165395,-0.7537879663900026,-0.9980786559412045,6066.724717645564,504801.6557841747,4.36,17.75,9.749583333333334,74.47916666666667,-0.007063703140830998,10.96317801912243
timeseries_table_timeseries_table (6),2025-11-01,20.265833333333333,0.0,3.734166666666667,0.0,20.265833333333333,20.265833333333333,0.8444097222222222,0,23,0,21.01701323742599,22.22,8.49279600233877,84.6433391084402,1.2029867625740103,5,1,11,-0.5000000000000004,0.8660254037844384,18.92,20.359186916069383,21.08000781290692,21.76,22.63,3.7099999999999973,21.017013237425992,0.8723983046331582,0.7610788019268085,1.4008130839306183,-0.3111247004700707,-0.8386509161242977,442.47464938520204,9331.22660769731,22.22,22.22,22.22,22.22,22.22,0.0,22.22,0.0,0.0,0.0,,,493.7283999999999,10970.645047999997,5.409999999999999,6.268529012345679,7.281461783859855,10.657720333562983,14.41938888888889,9.00938888888889,8.49279600233877,2.786271649001523,7.763309702029667,4.389191321217304,0.7862383050529562,-0.7847077157621354,79.87552074887196,826.9766736860832,66.01611111111112,82.10278305203938,87.0,89.51530010718113,92.93111111111112,26.915000000000006,84.64333910844019,7.158311571790833,51.241424558834545,7.412517055141748,-1.1972603590032849,0.39216237187531044,7215.634811817792,618973.5800081873,4.65,15.26,8.392083333333334,84.95833333333333,-0.6806845238095239,12.624929904092655
timeseries_table_timeseries_table (6),2025-11-02,19.461944444444445,0.1388888888888889,4.010555555555555,0.38861111111111113,19.600833333333334,19.600833333333334,0.830143174786179,2,25,0,21.103116775095753,22.43128812259646,6.607945857092767,88.13107310165165,1.3281713475007066,6,1,11,-0.5000000000000004,0.8660254037844384,19.02,20.339338462791076,21.1805800717293,21.791453846153846,23.2,4.18,21.103116775095753,1.030519641511649,1.0619707315412978,1.45211538336277,-0.1864419176045119,-0.7624373161399531,446.4016678510016,9465.006590617724,21.67,22.22,22.22,22.78,22.78,1.1099999999999994,22.431288122596463,0.3640541603043976,0.13253543163494,0.5600000000000023,-0.5482339983089952,-0.7175264058728836,503.2949961008935,11295.46435022098,2.666005555555556,5.32484563318182,5.692822489113639,8.456873166333155,10.6692,8.003194444444444,6.607945857092769,2.092300047221792,4.377719487604313,3.1320275331513354,0.4144006510829907,-0.8607193240559834,48.03459096464944,378.9544025403447,68.02999999999999,84.43225895316803,93.0,94.0,97.0,28.970000000000013,88.13107310165164,8.509769596025304,72.41617857743665,9.56774104683197,-1.1519397162676286,-0.08472604839170161,7839.368615440538,702922.7722479164,1.88,11.64,6.6654,88.02,-0.863494332573455,14.437716775095753
timeseries_table_timeseries_table (6),2025-11-03,11.358055555555556,0.0,11.997777777777777,0.6441666666666667,11.358055555555556,11.358055555555556,0.48630487268229444,0,24,0,21.39602021948498,21.669999999999998,8.07994319651508,78.83817951072933,0.2739797805150168,0,0,11,-0.5000000000000004,0.8660254037844384,19.8,20.97099568655643,21.38,21.680121751454024,23.55,3.75,21.396020219484985,0.7970227425441052,0.635245252132527,0.7091260648975926,0.49176288601357904,0.34453587715971734,458.42344572657913,9835.806371671806,21.67,21.67,21.67,21.67,21.67,0.0,21.669999999999998,3.557230799097664e-15,1.2653890958049006e-29,0.0,0.9961953101006247,-2.005069700327244,469.5889000000001,10175.991463,0.10315555555555556,1.6332928961748634,7.74991921229587,13.612276190476189,17.239333333333335,17.136177777777778,8.079943196515082,5.951729922863611,35.423089074710084,11.978983294301326,0.14577090484068278,-1.4328486553536788,100.62067264956409,1414.754669443487,48.644999999999996,60.017799564270156,89.0,94.14682828282828,96.89444444444443,48.249444444444435,78.83817951072933,18.03832010449926,325.38099219238217,34.129028718558125,-0.6214393911688002,-1.3381692845356552,6540.032143755407,563134.380196868,-0.08,18.3,8.020416666666668,79.29166666666667,-1.1506958080040526,13.375603552818314
timeseries_table_timeseries_table (6),2025-11-04,6.330277777777778,1.2408333333333332,16.198055555555555,0.23083333333333333,7.571111111111112,7.571111111111111,0.3185265692014631,0,24,0,20.654488123379483,21.669999999999998,11.666640617009982,73.85763758219217,1.015511876620515,1,0,11,-0.5000000000000004,0.8660254037844384,19.1,20.1,20.756095238095238,21.22,21.95,2.849999999999998,20.65448812337948,0.6970367229987515,0.4858601932088382,1.1199999999999974,-0.39552135825273177,-0.7315662522530912,427.09183449794216,8841.220954798684,21.67,21.67,21.67,21.67,21.67,0.0,21.670000000000005,3.559007242066338e-15,1.2666532549080643e-29,0.0,-0.9947043316952542,-2.007054651699984,469.5889000000001,10175.991463000002,3.8844166666666666,4.889314331723028,13.092917764268828,17.02548472842262,21.275222222222222,17.390805555555556,11.666640617009984,6.222378051192033,38.71798861195636,12.13617039669959,0.13913325560876086,-1.4763591027364946,174.67724975540798,2971.3051389657644,40.64333333333333,56.848412078373016,70.18697674418604,93.23563767234388,99.14166666666667,58.498333333333335,73.85763758219215,19.41407141504639,376.9061689085213,36.38722559397087,-0.23441222967634265,-1.3970292599768288,5830.384508408665,484360.4840680707,3.1,22.14,11.900425531914895,73.44680851063829,-1.1030660334346503,8.754062591464589
timeseries_table_timeseries_table (6),2025-11-05,3.4955555555555557,4.411666666666667,16.092777777777776,0.0,7.907222222222223,7.907222222222222,0.32946759259259256,1,24,0,20.691610962879565,21.5474287037037,15.538505385971167,66.88096432825657,0.8558177408241363,2,0,11,-0.5000000000000004,0.8660254037844384,18.92,20.046080592150687,20.752304052901138,21.382655796289278,22.03,3.1099999999999994,20.691610962879565,0.8177604263244764,0.6687321148623894,1.3365752041385903,-0.39211003397483934,-0.962082490839475,428.8087329981736,8900.088983297546,21.11,21.67,21.67,21.67,21.67,0.5600000000000023,21.54742870370371,0.23194253398625062,0.053797339071963025,0.0,-1.3529096024929816,-0.1701746140164233,464.34529994444455,10007.740945627871,8.77276111111111,10.768064405598468,14.418844169530356,20.939503424657534,23.087600000000002,14.314838888888891,15.53850538597117,5.14413669694283,26.462142356833894,10.171439019059067,0.2865350262496759,-1.5365432821113827,267.7956373775883,5019.0428906833895,40.22555555555555,45.39716153127918,75.14232302405497,82.57628418044365,90.0,49.77444444444445,66.88096432825655,17.533172724410257,307.41214578400377,37.17912264916447,-0.3115094999907071,-1.6207658164609573,4779.178437599993,358903.593584289,7.48,24.14,15.183124999999999,68.14583333333333,-0.21913655015197545,5.508485962879567
timeseries_table_timeseries_table (6),2025-11-06,0.9388888888888889,0.2011111111111111,21.51,1.35,1.14,1.14,0.05033112582781456,0,24,0,20.223225060963884,21.109999999999996,13.8339511408319,53.83028067124221,0.8867749390361119,3,0,11,-0.5000000000000004,0.8660254037844384,18.79,19.65,20.27,20.77,21.7,2.91,20.223225060963884,0.7308230102544276,0.5341022723173432,1.120000000000001,-0.22613988811954833,-0.8191357404412458,409.50699966902255,8302.82646089238,21.11,21.11,21.11,21.11,21.11,0.0,21.109999999999996,3.5681268256975665e-15,1.273152904426259e-29,0.0,0.9870968742971489,-2.017167063020214,445.6321,9407.293630999999,7.786955555555555,10.439504543664858,12.954190633295411,17.526195758339334,21.056955555555557,13.270000000000003,13.833951140831907,4.257065133678894,18.122603552384497,7.086691214674476,0.46279556349876644,-1.1732050648931456,209.37042927648585,3429.9316780338568,21.165555555555557,31.98507252326218,48.0,83.0,86.0,64.83444444444444,53.83028067124223,23.45584149537389,550.1765002561036,51.014927476737824,0.12583153046270215,-1.482888510378084,3443.917513082428,245817.06283634718,6.83,21.14,13.720625,54.708333333333336,0.6426568832320162,6.502600060963884
timeseries_table_timeseries_table (6),2025-11-07,0.0,0.465,15.861666666666666,7.673333333333333,0.465,0.465,0.028481012658227847,0,24,0,20.061961463123144,21.11,15.90490261960993,84.59643467930054,1.0480385368768559,4,0,11,-0.5000000000000004,0.8660254037844384,18.84,19.358931623931625,20.174078374455735,20.72327796234773,22.43,3.59,20.061961463123144,0.8362103642700909,0.699247773312718,1.3643463384161052,0.33405341936462923,-0.27427631372419903,403.1720962269169,8116.295805646027,21.11,21.11,21.11,21.11,21.11,0.0,21.11,0.0,0.0,0.0,,,445.6321,9407.293630999997,11.221355555555556,13.388998811952733,16.4919625167336,18.556109690170942,19.178121178432463,7.956765622876906,15.90490261960993,2.5143874544396185,6.322144271043346,5.1671108782182085,-0.32304306692180856,-1.3982980025853422,259.2295332374381,4317.129369941002,60.553333333333335,80.74126935397757,83.0,91.67229692651111,96.91161756531406,36.358284231980726,84.59643467930051,8.113919039206866,65.83568217480367,10.931027572533537,-0.6762918721789442,0.12600597161217086,7221.782852974198,621611.605900171,10.16,20.14,16.061458333333334,85.29166666666667,1.0975083523302938,4.000503129789809
timeseries_table_timeseries_table (6),2025-11-08,0.0,1.0266666666666666,22.879444444444445,0.09388888888888888,1.0266666666666666,1.0266666666666666,0.042945783272524456,0,23,0,20.495130298450817,21.109999999999996,13.971496149148814,88.81221744192771,0.6148697015491784,5,1,11,-0.5000000000000004,0.8660254037844384,19.0,19.844816830845982,20.561538509823613,21.163560667883687,22.15,3.1499999999999986,20.495130298450817,0.7823109113562371,0.6120103620270262,1.3187438370377045,-0.14300312350068592,-1.1366476518695166,420.6573598341264,8646.23977089786,21.11,21.11,21.11,21.11,21.11,0.0,21.109999999999996,3.563594910034204e-15,1.2699208682821687e-29,0.0,0.9908676153320805,-2.012157941701368,445.6321,9407.293630999999,10.349361111111111,11.351235304287691,12.776928876602598,16.03662696850394,20.85397222222222,10.50461111111111,13.971496149148814,3.2401371993100274,10.49848907035263,4.685391664216247,0.9105149824845499,-0.5328710163462751,205.63516548288587,3195.517669350691,60.58,82.88854682434425,94.0,96.48655168707688,99.905,39.325,88.81221744192769,10.992323001893114,120.83116497794845,13.598004862732637,-1.287552374894314,0.4654703421041497,8007.681187496374,730797.3588969505,9.65,21.64,13.796875,89.33333333333333,1.5814744047619047,6.6982552984508175
timeseries_table_timeseries_table (6),2025-11-09,12.132777777777777,0.0,9.994444444444444,1.8727777777777779,12.132777777777777,12.132777777777777,0.548319063998594,1,24,0,20.88265923881557,21.235739901379688,6.440045929860493,70.60381523044431,0.35308066256411763,6,1,11,-0.5000000000000004,0.8660254037844384,19.46,20.479167006997194,20.95823259579061,21.39,21.99,2.5299999999999976,20.882659238815567,0.6302803720880079,0.39725334743939766,0.9108329930028063,-0.355569651091505,-0.6943284776604948,436.48179066399473,9131.364477028308,21.11,21.11,21.11,21.11,21.67,0.5600000000000023,21.23573990137969,0.23393939421155333,0.05472764016406855,0.0,1.315820231056208,-0.2692108494929837,451.0112529810232,9579.893612404394,-0.5661999999999999,3.8478598795330354,6.582678062229224,8.625279751461989,13.444791550861591,14.010991550861592,6.440045929860493,3.8006160672232934,14.444682490435852,4.777419871928953,0.10775445956154012,-0.7140844076766473,55.88164550602888,551.3652726693273,52.0,67.39799417968578,69.0,76.41923742138364,93.40856031128405,41.40856031128405,70.60381523044431,10.280070528549837,105.67985007195892,9.02124324169786,0.25681716333577087,-0.3549062733962183,5090.306204419073,374558.3843305893,-1.46,14.15,6.617872340425532,70.72340425531915,1.4034538500506584,14.264786898390039
timeseries_table_timeseries_table (6),2025-11-10,15.289444444444445,0.0,8.169444444444444,0.5411111111111111,15.289444444444445,15.289444444444445,0.6517548429877327,0,18,0,21.085836144955145,21.67,-0.2681077476599964,59.885474439225156,0.5841638550448565,0,0,11,-0.5000000000000004,0.8660254037844384,19.27,20.731694655672896,21.235489733798218,21.582725988700563,22.47,3.1999999999999993,21.08583614495515,0.6590211577917979,0.4343088864172418,0.8510313330276666,-0.6818591222979321,-0.011378877382750563,445.04576074953667,9402.23875093027,21.67,21.67,21.67,21.67,21.67,0.0,21.67,0.0,0.0,0.0,,,469.5889000000001,10175.991463000002,-3.3353333333333337,-1.0939838201038528,-0.2532566711289603,0.6536203876451079,1.7067388888888888,5.042072222222222,-0.26810774765999623,1.1778962757347817,1.3874396363898691,1.7476042077489606,-0.39903674861376187,-0.21777276041585614,1.4552165497499487,-1.7840501676672462,51.19166666666667,55.88354579874172,58.14379557852426,61.32100656841518,79.83388888888888,28.64222222222221,59.885474439225156,6.370679329114062,40.5855551144012,5.437460769673457,1.3693585295554411,1.488740284748297,3626.7355283186434,222389.4246524943,-4.23,2.14,-0.2502083333333333,59.75,0.0165571175278622,21.33604447828848
timeseries_table_timeseries_table (6),2025-11-11,16.693055555555556,0.0,5.8133333333333335,1.493611111111111,16.693055555555556,16.693055555555556,0.7417029732298237,2,24,0,20.393975321485794,22.031144410985934,3.3324979053425885,55.08147966705832,1.6371690895001407,1,0,11,-0.5000000000000004,0.8660254037844384,18.99,19.666147121535182,20.41264705882353,21.011561743341407,22.9,3.91,20.393975321485794,0.8240694842393587,0.6790905148545227,1.3454146218062242,0.3236805943014422,-0.5352141628088449,416.5915138364313,8523.763233352081,21.67,21.67,21.67,22.22,22.78,1.1099999999999994,22.031144410985927,0.4327499698871184,0.18727253643730188,0.5499999999999972,0.6982647613238979,-1.0195775379980307,485.55805690384716,10705.684137066755,-5.1846000000000005,-3.7820268663194443,7.31676991093243,8.271672322322324,10.7,15.884599999999999,3.3324979053425885,6.048576229603346,36.58527440532263,12.053699188641769,-0.2660901477884944,-1.7309858471085249,47.55117824250667,342.49143772067816,29.0,38.0,41.71714206744057,80.11158048862114,84.85333333333332,55.853333333333325,55.08147966705832,21.222473406286028,450.3933774805177,42.111580488621144,0.2709314650217455,-1.7317025749836212,3482.6437211004027,243846.14801732032,-5.98,11.1,3.67375,53.5,-1.910934175531915,16.720225321485792
timeseries_table_timeseries_table (6),2025-11-12,23.27861111111111,0.0,0.7213888888888889,0.0,23.27861111111111,23.27861111111111,0.9699421296296297,0,24,0,20.705154188915788,22.78,11.671916834779172,51.21727872347863,2.074845811084213,2,0,11,-0.5000000000000004,0.8660254037844384,18.42,19.864457006827383,20.72,21.49939197930142,23.5,5.079999999999998,20.70515418891579,1.1123262377621541,1.2372696592141081,1.6349349724740385,0.1290829827912522,-0.6757309533091327,429.9381494421891,8953.244267645558,22.78,22.78,22.78,22.78,22.78,0.0,22.78,0.0,0.0,0.0,,,518.9283999999999,11821.188952000002,6.6388,8.192352942826636,8.918674339625516,16.29917535161744,20.0882,13.4494,11.67191683477917,4.539261907197401,20.604898662133394,8.106822408790803,0.683256188608008,-1.1021880194688154,156.78971448605395,2373.799687250867,30.04,41.0,50.430446156273,60.907591201156876,76.98611111111111,46.946111111111115,51.217278723478636,12.99004747188559,168.74133332184124,19.907591201156876,0.3245442705626202,-0.9336971580988562,2791.5511121809027,160931.02299036918,5.14,20.16,11.565208333333333,51.458333333333336,-2.5683349164133737,9.139945855582456
timeseries_table_timeseries_table (6),2025-11-13,17.985833333333332,0.0,6.014166666666667,0.0,17.985833333333332,17.985833333333332,0.7494097222222221,0,22,0,20.938372727017377,22.78,10.53092341415325,65.97864003217177,1.841627272982624,3,0,11,-0.5000000000000004,0.8660254037844384,18.42,19.9,20.784463276836156,22.18811259492014,24.06,5.639999999999997,20.938372727017374,1.431780020817342,2.049994028011708,2.2881125949201397,0.1848286111190106,-1.0002024897875013,440.46111245808754,9308.747025558394,22.78,22.78,22.78,22.78,22.78,0.0,22.78,0.0,0.0,0.0,,,518.9284,11821.188952000004,2.1,5.307831076488385,10.744660859188548,15.415771604170981,19.035777777777778,16.935777777777776,10.530923414153248,5.3986983547163145,29.14594392521664,10.107940527682597,-0.03558133787746663,-1.2428080284970744,139.97898023118972,2080.9588901979173,37.0,48.3492395489549,65.34037177862272,87.0,93.00000000000001,56.000000000000014,65.97864003217177,18.34854039032356,336.6689344553351,38.6507604510451,-0.005890820392229202,-1.2503838859869374,4689.072348542716,353665.54331534274,2.1,19.41,10.153958333333334,67.04166666666667,-1.6174553571428572,10.784414393684044
timeseries_table_timeseries_table (6),2025-11-14,19.334444444444443,0.0,4.665555555555556,0.0,19.334444444444443,19.334444444444443,0.8056018518518518,0,24,0,21.512229080826877,22.78,14.97315102706739,68.40603768208871,1.267770919173124,4,0,11,-0.5000000000000004,0.8660254037844384,19.14,20.84,21.70903870792884,22.27063927437412,23.43,4.289999999999999,21.512229080826877,1.046321490961624,1.0947886624481558,1.4306392743741192,-0.4256662248156743,-0.681894795193664,463.8686954022602,10025.374664372202,22.78,22.78,22.78,22.78,22.78,0.0,22.779999999999994,7.112230066059637e-15,5.058381651256266e-29,0.0,0.9971333025733601,-2.003820435858721,518.9284,11821.188952000002,6.850272222222222,7.558798312319412,15.81577296875,19.774343882443862,23.96806111111111,17.117788888888885,14.973151027067388,6.066452063269341,36.80184063594484,12.215545570124451,-0.03395688011590012,-1.3801592984435522,260.9191223139668,4998.944449206353,47.99999999999999,54.0,75.28697158915448,78.0,80.975,32.975,68.40603768208872,11.560137247096973,133.6367731717188,24.0,-0.6041373201335926,-1.3608376420867594,4812.739635778341,346531.53048739216,5.79,24.15,15.042916666666665,68.0625,-0.8974984169199597,6.469312414160212
timeseries_table_timeseries_table (6),2025-11-15,0.0975,2.578888888888889,19.651666666666667,1.6719444444444445,2.676388888888889,2.676388888888889,0.11986663515009764,0,24,0,20.417865631189173,22.779999999999998,19.836555505190645,70.17902227197817,2.3621343688108247,5,1,11,-0.5000000000000004,0.8660254037844384,18.65,19.498713611329663,20.660095432090845,21.23547397308515,22.93,4.280000000000001,20.41786563118917,0.973057441734305,0.9468407849145103,1.7367603617554863,-0.20331700082061555,-1.0628806087069562,417.8299690679852,8569.424327607792,22.78,22.78,22.78,22.78,22.78,0.0,22.78,0.0,0.0,0.0,,,518.9284,11821.188952000002,14.39,15.62508222819594,20.43195772445081,23.140895764576456,25.311438888888887,10.921438888888886,19.836555505190645,3.890636564883601,15.137052880009266,7.5158135363805165,-0.174676615841778,-1.5196074308034417,408.54142264928953,8690.94645738997,55.0,61.0,70.0,80.0,85.75500000000001,30.75500000000001,70.17902227197818,10.115373526339335,102.32078157736666,19.0,0.0669021477111177,-1.4698131908129268,5026.84432415009,367129.5770943492,13.54,26.14,19.936041666666664,69.95833333333333,0.8080612018743665,0.4818239645225084
timeseries_table_timeseries_table (6),2025-11-16,2.2111111111111112,2.397777777777778,16.984444444444446,2.4066666666666667,4.608888888888889,4.608888888888889,0.21344036225172378,1,24,0,21.062190252302635,22.67059481669651,13.335110283967264,51.91527413265258,1.6084045643938758,6,1,11,-0.5000000000000004,0.8660254037844384,19.31,20.266368729200842,21.29196447163978,21.609200868574376,22.74,3.4299999999999997,21.062190252302635,0.8609424914748316,0.7412219736268905,1.3428321393735345,-0.24474805723175272,-0.9674075347031637,444.35321966670625,9389.956759968722,22.22,22.78,22.78,22.78,22.78,0.5600000000000023,22.67059481669651,0.22254594758937482,0.04952669878845277,0.0,-1.526022178501153,0.33033722948531263,514.005166751343,11655.021252491459,4.56055,10.006749206349205,13.904705379154667,16.662925221238936,20.1437,15.58315,13.335110283967268,4.19022519010657,17.557987143803643,6.656176014889731,-0.5558907213836947,-0.7184753373421424,195.30906909543307,3029.869572481844,26.038333333333334,34.81304037156127,48.871659125188536,68.86724517906336,85.795,59.75666666666667,51.915274132652584,18.497914352013368,342.1728353744221,34.05420480750209,0.20344376989638646,-1.263470405649518,3035.924756405023,194276.6459756648,3.25,20.13,13.604791666666666,53.270833333333336,2.750748796859169,7.4573985856359695
timeseries_table_timeseries_table (6),2025-11-17,2.668888888888889,0.11972222222222222,11.54861111111111,9.662777777777778,2.7886111111111114,2.788611111111111,0.19450149184329832,0,19,0,21.124996337870858,22.22,9.663018939348241,46.202366460074174,1.095003662129141,0,0,11,-0.5000000000000004,0.8660254037844384,18.41,19.868320754716983,21.516269917629312,22.180738950657442,23.97,5.559999999999999,21.124996337870865,1.4434602248187862,2.0835774206339006,2.3124181959404595,-0.0734649211600098,-1.0780316060905193,448.3288187886947,9557.900164420384,22.22,22.22,22.22,22.22,22.22,0.0,22.22,0.0,0.0,0.0,,,493.7284,10970.645048,1.1,3.088009211643153,10.8720383807139,16.0374550653063,16.84283964365256,15.74283964365256,9.663018939348241,5.7986437398357396,33.62426922153621,12.949445853663148,-0.14655229360170965,-1.4923007354918572,126.70064433912368,1839.809915874025,21.61804008908686,21.939429322807324,39.0,70.11347563796008,83.27333333333334,61.65529324424648,46.20236646007418,21.917264982142196,480.36650429743656,48.17404631515275,0.3084068899136546,-1.5334033928399577,2610.7741397969417,167866.27311539822,1.1,17.94,9.251304347826087,47.04347826086956,2.7702604166666664,11.87369199004477
timeseries_table_timeseries_table (6),2025-11-18,1.2244444444444444,7.7186111111111115,11.828888888888889,3.2280555555555557,8.943055555555556,8.943055555555556,0.43053531071557527,2,25,0,21.774319231681083,21.70559018270523,18.899043038796954,53.34019400924839,-0.06872904897585386,1,0,11,-0.5000000000000004,0.8660254037844384,20.66,21.589142413752516,21.8683175127471,22.067103430750084,22.61,1.9499999999999993,21.77431923168108,0.4943612507445525,0.24439304623771832,0.4779610169975683,-0.7979906161294381,-0.20588675692594194,474.36387170555236,10339.43165253261,21.11,21.67,21.67,21.67,22.22,1.1099999999999994,21.705590182705237,0.2899729925663356,0.08408433641787609,0.0,0.04626920377246262,0.575006029689968,471.2163639318964,10231.664740892667,12.10211111111111,14.250296989948383,20.978002199074073,22.468360884057972,23.74866666666667,11.646555555555558,18.89904303879696,4.07923661094862,16.64017132810358,8.218063894109589,-0.45682644975757625,-1.452604014420858,373.72866489846416,7657.84626890149,33.0,35.82857220214013,55.81485359005215,64.02337137947963,86.0,53.0,53.34019400924839,16.27299581297548,264.8103927291175,28.194799177339497,0.2774915244310029,-1.168592372086035,3108.62868765938,195115.84325430085,11.03,24.15,18.677872340425534,52.87234042553192,1.092639751552795,3.0964468912555496
timeseries_table_timeseries_table (6),2025-11-19,0.2791666666666667,4.443333333333333,17.875555555555554,1.4019444444444444,4.7225,4.7225,0.20897815692107238,2,25,0,21.863975941940105,21.253635539099967,15.209038560497635,90.9487451953378,-0.6103404028401371,2,0,11,-0.5000000000000004,0.8660254037844384,20.72,21.24382404177109,21.506511750728393,22.511768227126428,24.49,3.7699999999999996,21.863975941940105,0.9462401987220481,0.8953705136775411,1.2679441853553364,0.9773218894002008,-0.21750293217735273,478.92268182866223,10510.866564855973,21.11,21.11,21.11,21.11,22.22,1.1099999999999994,21.253635539099967,0.3734900920602501,0.13949484886717406,0.0,2.191908229291246,2.8184879973928068,451.8558279092016,9609.593472066208,11.782038888888888,13.898732391244112,15.197666878710772,16.74256569591294,19.053400000000003,7.271361111111116,15.209038560497639,1.885423626292058,3.5548222505802944,2.843833304668829,0.006495790634028923,-0.8109530452718188,234.84970527376416,3679.405141108425,79.0823594880356,86.43685598018399,92.6466388100494,94.67349859353024,96.99333333333334,17.910973845297733,90.94874519533782,4.7550165523034895,22.610182412680167,8.236642613346248,-0.6835362003415762,-0.8335022823356111,8294.157411522465,758359.3510119129,10.7,20.1,15.290869565217392,91.06521739130434,0.6462342517950754,6.573106376722713
timeseries_table_timeseries_table (6),2025-11-20,0.6655555555555556,0.0,23.334444444444443,0.0,0.6655555555555556,0.6655555555555556,0.027731481481481482,0,24,0,22.050283445106842,21.11,12.938771091929679,96.05385256026105,-0.9402834451068429,3,0,11,-0.5000000000000004,0.8660254037844384,20.38,21.41070648878108,22.12818336162988,22.664848829968744,23.49,3.1099999999999994,22.050283445106842,0.7954081682788063,0.6326741541646459,1.2541423411876629,-0.23771645082674958,-0.8506104719717951,486.8404020470028,10762.429815006424,21.11,21.11,21.11,21.11,21.11,0.0,21.110000000000007,7.128311240863653e-15,5.081282114662312e-29,0.0,-0.9904000411574295,-2.0127794214332675,445.63210000000004,9407.293630999995,11.346455555555556,11.819999999999999,12.943995897435897,13.97,14.429477777777777,3.0830222222222208,12.938771091929679,1.1117354146688059,1.2359556322288217,2.150000000000002,-0.06114051306183033,-1.6706869593226599,168.6392875520482,2213.665557257718,93.0,95.48666666666668,96.0,96.94865771466573,99.00000000000001,6.000000000000014,96.05385256026105,1.272855605694291,1.6201613929473806,1.4619910479990494,-0.15889374872299375,0.33045618988239056,9227.951656065476,886689.0937979535,10.14,15.16,12.9825,96.0625,0.42842527586890483,9.067783445106842
timeseries_table_timeseries_table (6),2025-11-21,5.015,0.0,18.985,0.0,5.015,5.015,0.20895833333333333,1,23,0,21.869979021036883,21.83933680555555,16.75717198116938,96.31091005507827,-0.030642215481332613,4,0,11,-0.5000000000000004,0.8660254037844384,20.36,21.2,21.838501306457633,22.44534718838364,23.56,3.1999999999999993,21.86997902103688,0.8238421831640053,0.6787159427604343,1.24534718838364,0.07368919339375696,-1.033388166468188,478.9711997875662,10504.665275753181,21.11,21.11,22.22,22.22,22.22,1.1099999999999994,21.839336805555554,0.5279907152810936,0.27877419542304094,1.1099999999999994,-0.657671831817668,-1.5738677183258816,477.23426378472215,10434.50960256354,13.939999999999998,14.04,18.050029253112033,18.862931686383668,19.984177777777777,6.044177777777779,16.757171981169375,2.384568035383312,5.686164715371828,4.822931686383669,-0.11337080932847683,-1.816799640847069,286.46190054702487,4988.414746479028,91.27555555555556,95.0,96.28296599878567,98.03741368120457,99.00000000000001,7.724444444444458,96.31091005507827,2.0980507872121525,4.401817105721532,3.037413681204569,-0.3995751768790128,-0.7036281113004086,9280.17225170926,894621.993329215,13.01,21.1,16.78787234042553,96.29787234042553,-0.37137548318355973,5.0821066806113535
timeseries_table_timeseries_table (6),2025-11-22,8.305277777777778,0.0,15.694722222222222,0.0,8.305277777777778,8.305277777777778,0.3460532407407408,2,24,0,22.739562700611685,22.592754050925926,13.778785468051852,91.26274925860983,-0.14680864968575946,5,1,11,-0.5000000000000004,0.8660254037844384,20.79,21.960003291639236,23.0,23.41623325892857,24.54,3.75,22.739562700611682,1.0004864656625052,1.0009731679738514,1.4562299672893353,-0.3156651933396676,-0.8676721812840764,518.0838956377227,11825.990671926837,22.22,22.22,22.22,22.22,23.89,1.6700000000000017,22.59275405092593,0.6967808090072207,0.4855034958007571,0.0,1.3214759467787374,-0.2546757949000873,510.91608928819426,11565.298206252137,9.052066666666667,11.832938636363636,14.261509245974812,15.235622425629293,18.816388888888888,9.764322222222221,13.778785468051858,2.1856099162827407,4.776890706153449,3.402683789265657,-0.18142816901356582,-0.4559951925316743,194.60980635952387,2810.6254564053484,87.0,90.0,91.0041553133515,93.0,95.0,8.0,91.26274925860982,2.0980539211709823,4.401830256140934,3.0,-0.11789228337029067,-0.8780207006124812,8333.27094756397,761315.8719682234,7.75,20.14,13.788510638297874,91.29787234042553,-0.16605450338090824,8.951052062313812
timeseries_table_timeseries_table (6),2025-11-23,8.624444444444444,0.0,15.375555555555556,0.0,8.624444444444444,8.624444444444444,0.35935185185185187,2,24,0,22.33157532643694,22.265179166666666,9.986468655199026,88.11598954708566,-0.06639615977027447,6,1,11,-0.5000000000000004,0.8660254037844384,20.36,21.699144080917495,22.281655888650963,23.080359281437126,23.98,3.620000000000001,22.33157532643694,0.9176221953889994,0.8420304934705269,1.3812152005196303,-0.1997779650385601,-0.8633957312570875,499.537577668364,11192.748744415481,21.67,21.760480591497227,22.22,22.78,22.78,1.1099999999999994,22.26517916666667,0.4219615254903031,0.17805152899410367,1.0195194085027737,-0.1121341107577147,-1.2725124000554924,495.9155854861111,11049.539828905696,5.002822222222222,7.14,8.814245127468892,12.40559609030837,16.214916666666667,11.212094444444446,9.986468655199024,3.266033546975918,10.666975129972098,5.26559609030837,0.5785797389039257,-0.9166845880735597,110.3501531785057,1334.289828589714,64.0,80.46443443804034,94.0,96.0,100.0,36.0,88.11598954708566,11.13855372889593,124.06737917150144,15.535565561959658,-1.0596201083279186,-0.29970550456672473,7887.955569645908,715360.2645891344,4.02,17.19,10.060638297872341,88.04255319148936,0.354604305702392,12.2709370285646
timeseries_table_timeseries_table (6),2025-11-24,6.939166666666667,0.0,17.060833333333335,0.0,6.939166666666667,6.939166666666667,0.28913194444444446,0,24,0,21.51989573987688,21.67,11.857560975613396,87.4422608523207,0.15010426012312195,0,0,11,-0.5000000000000004,0.8660254037844384,20.05,20.92,21.49,22.02773298948377,23.52,3.469999999999999,21.51989573987688,0.8004824373048028,0.6407721324334376,1.1077329894837682,0.37649639853033257,-0.6113274664894859,463.74289323652545,10007.30733906435,21.67,21.67,21.67,21.67,21.67,0.0,21.67,0.0,0.0,0.0,,,469.58890000000036,10175.991463,7.841233333333333,8.412461647433627,12.484690840125808,14.513901606108478,17.353747216035636,9.512513882702303,11.857560975613396,3.3235727253288,11.046135660549508,6.101439958674851,0.09000111155649734,-1.527571161995171,151.58752655388702,2061.2914936189372,59.232777777777784,80.74069554171354,92.60470951976386,97.27376393110436,99.0,39.767222222222216,87.44226085232069,12.603251004735082,158.84193588835586,16.53306838939082,-0.9903845358413063,-0.3893771117139311,7804.122930132948,708054.6758204418,7.43,18.1,11.88063829787234,87.48936170212765,-0.20906138496101503,9.63925744200454
timeseries_table_timeseries_table (6),2025-11-25,13.020277777777778,0.0,10.969722222222222,0.01,13.020277777777778,13.020277777777778,0.5427377147885692,1,24,0,20.756208468362573,21.147344737645977,16.05841819297987,81.81089997103219,0.39113626928340395,1,0,11,-0.5000000000000004,0.8660254037844384,18.89,19.552851379847805,21.091173722800377,21.535023270798114,22.34,3.4499999999999993,20.756208468362573,1.0250117002483505,1.0506489856460146,1.9821718909503083,-0.4088824246622187,-1.1976479973226006,431.8634917720683,9006.718307262277,21.11,21.11,21.11,21.11,21.67,0.5600000000000023,21.147344737645984,0.14006249299705995,0.019617501944551467,0.0,3.447457282243753,9.935215965283703,447.229707876495,9458.555807544773,13.959027777777779,15.430204122079545,15.67,16.634321808733247,18.774733333333334,4.815705555555555,16.058418192979875,1.1666204617771172,1.3610033018370542,1.204117686653703,0.7053263365430955,-0.11982337529467468,259.22623703300934,4207.351500707462,72.17111111111112,78.60472649835795,82.0,83.71402042042043,93.58222222222223,21.41111111111111,81.8108999710322,4.648081939631919,21.604665717532423,5.109293922062477,0.7204067136971462,0.4330417910284927,6714.507993867115,552907.6407026288,13.54,19.7,16.134042553191488,81.8936170212766,-1.0730769294304219,4.6221659151710845
timeseries_table_timeseries_table (6),2025-11-26,7.264722222222222,0.0,16.015833333333333,0.7194444444444444,7.264722222222222,7.264722222222222,0.3120510678916597,1,25,0,21.19334877893876,21.168962474308007,8.197410062390217,62.94889560765636,-0.02438630463075242,2,0,11,-0.5000000000000004,0.8660254037844384,19.33,20.541520120443938,21.0714260658187,21.87977700811812,22.94,3.610000000000003,21.19334877893876,0.9195657970653464,0.8456012551324258,1.3382568876741807,0.032056335171524133,-0.8710875212499603,449.999508836706,9572.688872122664,21.11,21.11,21.11,21.11,22.22,1.1099999999999994,21.168962474308017,0.24948189432728238,0.062241215597129286,0.0,3.9593268155002788,13.735787254133996,448.18694401176606,9490.337836188513,3.9014999999999995,5.446265983656542,8.066521544822352,9.930056068708803,15.040094496942746,11.138594496942748,8.197410062390217,3.341898512067697,11.168285664960287,4.48379008505226,0.39599026608621235,-0.980615290308898,78.30641162112309,838.8175086472936,42.033351862145636,49.56290533162417,62.55166214995483,70.78280891878426,91.0,48.966648137854364,62.948895607656375,14.796924389278237,218.94897138201713,21.219903587160083,0.45908779155144164,-0.9307191652458604,4180.347807417434,292054.1857431005,2.45,15.26,8.182978723404256,61.0,-0.22862280296022217,13.010370055534503
timeseries_table_timeseries_table (6),2025-11-27,12.29111111111111,0.77,10.524722222222222,0.4141666666666667,13.06111111111111,13.061111111111112,0.5537693295174835,3,24,0,21.860646017382756,22.296936626325174,3.1192060889833515,59.769060500300455,0.4362906089424179,3,0,11,-0.5000000000000004,0.8660254037844384,20.47,21.35,21.906808406494452,22.274956513355022,23.37,2.900000000000002,21.860646017382752,0.7172724942332038,0.5144798309835213,0.9249565133550206,-0.0009953987264783204,-0.5534252527592054,478.4002986171503,10480.544380327581,21.67,22.22,22.22,22.22,23.33,1.6599999999999966,22.29693662632517,0.46806143650752413,0.21908150834548704,0.0,1.186679516545987,0.9222275365538501,497.371667766676,11099.72040917818,-2.3228,1.3485261926169694,3.5568756917837376,4.480046449050491,7.920311111111111,10.243111111111112,3.119206088983352,2.804269346821413,7.863926569522195,3.1315202564335216,-0.17784365984556783,-0.7361281053705087,17.559182209988133,99.69391644512531,40.07893274041134,52.33668359668924,60.94295990828238,66.37972254004576,83.76,43.681067259588666,59.769060500300455,11.295636368758888,127.59140097522847,14.043038943356521,-0.07615591554660187,-0.6516488972336214,3699.3772488421737,236184.2678356588,-3.12,8.59,3.3325,58.875,-0.629074848024316,18.528146017382756
timeseries_table_timeseries_table (6),2025-11-28,12.426944444444445,0.0,10.880277777777778,0.6927777777777778,12.426944444444445,12.426944444444445,0.5331799871284533,0,24,0,21.81794907144648,22.22,-0.7701147100433777,69.96787528940725,0.40205092855351765,4,0,11,-0.5000000000000004,0.8660254037844384,20.01,21.16,21.93,22.32293729372937,23.74,3.729999999999997,21.817949071446478,0.8706942296975106,0.7581084416285415,1.162937293729371,-0.04385523594432543,-0.6582973342614937,476.7777564415621,10435.222625751574,22.22,22.22,22.22,22.22,22.22,0.0,22.22,0.0,0.0,0.0,,,493.72839999999997,10970.645047999998,-4.004472222222223,-3.250507054897537,-1.0123704554152315,1.3889532721315347,4.97727626459144,8.981748486813663,-0.770114710043378,2.588960849232443,6.702718278858373,4.639460327029072,0.5027659829516803,-0.8420015586803609,7.26341466394319,-7.142977389356785,41.9944382647386,58.07220071684588,69.49542182227222,83.31435126358888,88.0,46.0055617352614,69.96787528940725,14.203901120187197,201.7508070320551,25.242150546742998,-0.31385811292844273,-1.2228654753549915,5096.279737966235,383772.2215219224,-5.35,5.82,-0.1985416666666667,67.10416666666667,-1.625134878419453,22.01649073811315
timeseries_table_timeseries_table (6),2025-11-29,18.181944444444444,0.0,5.8180555555555555,0.0,18.181944444444444,18.181944444444444,0.7575810185185184,1,25,1,21.469594875934114,22.308362037037035,3.6746981874640827,63.827174629779826,0.8387671611029219,5,1,11,-0.5000000000000004,0.8660254037844384,19.89,20.88,21.455588957525993,21.99,22.9,3.009999999999998,21.46959487593411,0.7000681394293181,0.4900953998440272,1.1099999999999994,0.007671486396880072,-0.8375853073822808,461.4322189861582,9927.750456078336,22.22,22.22,22.22,22.22,22.78,0.5600000000000023,22.308362037037035,0.20442222656337256,0.04178844671312682,0.0,1.869828059715205,1.500356160262335,497.7046916666666,11104.851819333702,-2.629483333333333,-0.904642743902439,5.48046970852895,6.248768191721133,10.270977777777777,12.90046111111111,3.674698187464082,3.9900779783570006,15.92072227336949,7.153410935623572,-0.1844250167752519,-1.3728864869357496,29.370882479534103,212.8299120252899,27.999999999999996,51.510524230097104,69.0,73.77411649534996,89.70277777777778,61.70277777777778,63.82717462977984,17.086802488224794,291.958819271605,22.263592265252854,-0.653099274035149,-0.43668316722814327,4364.890589591441,312485.71986968454,-3.41,11.1,3.789148936170213,63.191489361702125,-2.1112533244680853,17.6804459397639
timeseries_table_timeseries_table (6),2025-11-30,7.839444444444444,0.0,15.208333333333334,0.9522222222222222,7.839444444444444,7.839444444444444,0.34013884201899436,0,24,0,22.95833117860689,22.779999999999998,2.935066619202104,75.33955486443824,-0.17833117860689285,6,1,11,-0.5000000000000004,0.8660254037844384,21.8,22.39482942993689,22.67,23.58656198347107,24.96,3.16,22.958331178606894,0.7491572874770637,0.5612366413799917,1.1917325535341803,0.7103123611756537,-0.7139042114496372,527.6434559879664,12139.755650118832,22.78,22.78,22.78,22.78,22.78,0.0,22.78,0.0,0.0,0.0,,,518.9283999999999,11821.188952,-3.0323611111111113,1.1266605050505047,3.5524146636648752,5.531019094429551,6.26,9.292361111111111,2.935066619202104,2.731332348846967,7.46017639985789,4.404358589379046,-0.5914829500143844,-0.8611926482610666,16.040093964129298,78.61510164046187,55.02055555555556,63.57816632697177,73.12897870016384,91.0,93.81944444444444,38.79888888888888,75.33955486443826,13.420477054955551,180.10920438258842,27.42183367302823,0.0010508044658853592,-1.4415915491577742,5855.320014324602,468152.21150555543,-3.66,7.14,2.9299999999999997,75.41666666666667,-1.99194180597771,20.02833117860689
timeseries_table_timeseries_table (6),2025-12-01,8.95888888888889,0.0,14.03,1.011111111111111,8.95888888888889,8.95888888888889,0.38970517158047374,0,24,0,22.947474720560553,22.78,0.23336763901872318,78.66121349067758,-0.16747472056055202,0,0,12,-2.4492935982947064e-16,1.0,21.81,22.42701813604463,22.842034588931572,23.33580937754603,24.52,2.710000000000001,22.947474720560553,0.6455736898716834,0.4167653890545405,0.908791241501401,0.6002898070205811,-0.5169749319938544,527.0003193566884,12112.475826008278,22.78,22.78,22.78,22.78,22.78,0.0,22.78,0.0,0.0,0.0,,,518.9284,11821.188952000002,-4.813628269337785,-3.992581596173212,1.46,2.841761885093464,4.58,9.393628269337785,0.23336763901872334,3.4377300025094746,11.817987570153793,6.834343481266676,-0.33390716889572386,-1.5847146387793543,11.765011774457204,-5.354362945818964,60.0,67.91761108223241,82.01940553069673,84.63710092969784,96.82823790994998,36.828237909949976,78.66121349067757,10.057971197796345,101.16278461570084,16.719489847465425,-0.39435297173894684,-0.9456952430553343,6287.829630763332,509977.54922579083,-5.98,5.26,-0.00458333333333336,78.20833333333333,-2.140115089918946,22.952058053893886
timeseries_table_timeseries_table (6),2025-12-02,4.720833333333333,0.0,19.0975,0.18166666666666667,4.720833333333333,4.720833333333333,0.19820166538380798,1,24,0,23.30493428337775,22.913324277002957,-1.4491455351325395,86.50480787822295,-0.39161000637479404,1,0,12,-2.4492935982947064e-16,1.0,21.96,22.632982651433068,23.08,24.08126470588235,24.98,3.0199999999999996,23.304934283377754,0.791566521866338,0.6265775585395719,1.4482820544492832,0.5149629368094732,-1.0251072610562633,543.7433749779715,12701.21623025518,22.78,22.78,22.78,22.78,23.33,0.5499999999999972,22.913324277002957,0.23622706916178376,0.055803228204766166,0.0,1.1941087560711823,-0.5766298258492291,525.0759824126067,12033.797803432415,-2.96,-2.345723896181384,-2.128885200417809,-0.25941209563994366,1.3359232480533927,4.295923248053393,-1.4491455351325395,1.233956163958267,1.5226478145706017,2.0863118005414405,0.7293490171012886,-0.9533429239790339,3.613329198929774,-8.251882590428545,74.33333333333333,83.0,86.0,90.9925975803514,96.92213570634038,22.588802373007056,86.50480787822293,4.932755325349808,24.332075099766886,7.992597580351401,0.017988135743356528,-0.4645575394976582,7507.264584613675,653600.4962818276,-3.19,2.14,-1.3260416666666666,86.625,-2.0880423632218843,24.630975950044416
timeseries_table_timeseries_table (6),2025-12-03,4.439722222222223,0.0,19.357222222222223,0.20305555555555554,4.439722222222223,4.439722222222223,0.18656690284700417,1,24,0,23.311058607508908,22.491739347299415,-0.6387129068213134,81.28216115276845,-0.8193192602094932,2,0,12,-2.4492935982947064e-16,1.0,21.73,22.339635016341138,22.99971878551129,24.221036193812026,25.87,4.140000000000001,23.311058607508908,1.1538197816545168,1.3313000885372768,1.881401177470888,0.5206126625476456,-0.8852799925917147,544.728432865699,12760.676230200292,22.22,22.22,22.22,22.22,23.33,1.1099999999999994,22.49173934729941,0.4784459352836327,0.22891051298943005,0.0,1.1782820139216426,-0.61459223282412,506.1061272694883,11393.582858356347,-3.3274,-3.1829446592210764,0.18119226242491657,0.6307827431357456,3.939129949804796,7.266529949804796,-0.6387129068213135,2.1976165830387266,4.829518646046809,3.8137274023568217,0.20811305426671156,-1.1580004959337145,5.207475813163047,-7.248321455941049,65.28587319243604,79.27073343731432,84.0,86.0,89.00000000000001,23.71412680756397,81.28216115276845,6.539653605089832,42.767069274564435,6.72926656268568,-1.0007608068974816,-0.15011114554149607,6649.291156968535,547098.0777969707,-3.68,5.82,-0.6547916666666667,81.08333333333333,-1.1454530775075986,23.965850274175576
timeseries_table_timeseries_table (6),2025-12-04,3.4902777777777776,0.0,19.22277777777778,1.2869444444444444,3.4902777777777776,3.4902777777777776,0.15366835031247322,0,25,0,23.194386393825077,22.220000000000002,0.4844279316278016,87.86595367325283,-0.9743863938250747,3,0,12,-2.4492935982947064e-16,1.0,21.37,22.41523335681578,23.15,23.973955916984927,25.31,3.9399999999999977,23.19438639382507,0.9846778905146362,0.9695905480683538,1.558722560169148,0.17815377527483314,-0.9591511956489378,538.9422742054165,12545.26456332415,22.22,22.22,22.22,22.22,22.22,0.0,22.22,0.0,0.0,0.0,,,493.72839999999997,10970.645047999998,0.07,0.35,0.42,0.6103649825906623,0.8471652173913043,0.7771652173913044,0.4844279316278015,0.21620738844563558,0.04674563481848195,0.2603649825906623,0.24445603186422588,-0.8190653583904002,0.28109588017872345,0.18362093060806092,82.06898550724638,85.0,87.0,91.0,92.0,9.931014492753619,87.86595367325283,3.1084072367297484,9.66219554935387,6.0,-0.06839015291013102,-1.5077570732487815,7730.021831037997,680890.0122837906,-0.64,2.1,0.5289583333333333,87.3125,-0.643235973910841,22.665428060491745
timeseries_table_timeseries_table (6),2025-12-05,3.3694444444444445,0.0,19.523055555555555,1.1075,3.3694444444444445,3.3694444444444445,0.1471855168480701,0,26,0,23.058632925080694,22.22,0.42727768809554406,87.46710072450865,-0.8386329250806952,4,0,12,-2.4492935982947064e-16,1.0,21.76,22.35,23.05056490653652,23.72784159354747,24.59,2.8299999999999983,23.058632925080698,0.7863015239995207,0.6182700866439689,1.377841593547469,0.12188536308662457,-1.0138885353129907,532.3144684455646,12302.815313463925,22.22,22.22,22.22,22.22,22.22,0.0,22.22,0.0,0.0,0.0,,,493.72839999999997,10970.645047999998,-1.0684722222222223,-0.012254864613649878,0.34961720552680203,0.4846536763560414,3.196264591439689,4.264736813661911,0.42727768809554423,0.9473858932703271,0.8975400307676155,0.4969085409696913,1.0121691737099883,0.97703417428905,1.0749181608484917,2.082517109022542,71.02223457476376,83.99103646521529,90.0,91.23531858300085,93.46273637374861,22.440501798984855,87.46710072450867,5.773288815823172,33.33086375090892,7.244282117785559,-1.2299415114244439,0.30497475084960923,7683.631908949935,677625.3345796928,-1.99,4.14,0.63,86.58333333333333,-0.3914793882978724,22.428632925080695
timeseries_table_timeseries_table (6),2025-12-06,8.100277777777778,0.0,15.028333333333334,0.8713888888888889,8.100277777777778,8.100277777777778,0.35022759208772203,0,24,0,22.509758406625934,22.22,1.9670404878306365,88.57227525417767,-0.28975840662593555,5,1,12,-2.4492935982947064e-16,1.0,20.03,21.77007299182207,22.58204958677686,23.067952700201538,24.19,4.16,22.509758406625927,0.8924337219475106,0.7964379480690866,1.2978797083794689,-0.10079057837110092,-0.34116168033888794,507.4823150948029,11458.937268969317,22.22,22.22,22.22,22.22,22.22,0.0,22.22,0.0,0.0,0.0,,,493.72839999999997,10970.645047999998,-1.2843499999999999,0.6657078788721944,2.3282674813306174,3.834216328192665,4.1065611111111116,5.390911111111111,1.9670404878306367,1.6947995227531294,2.872345422324235,3.1685084493204707,-0.37248391734813563,-1.0419405676941558,6.726315269991754,22.657597154667755,81.0,85.0,89.57108442165382,91.0,94.0,13.0,88.57227525417767,3.733534050897277,13.939276509209432,6.0,-0.5131789254558957,-0.713940703338555,7858.913075123207,698511.2373124044,-2.08,5.14,1.9622916666666665,88.5625,-0.5332049455420466,20.54746673995927
timeseries_table_timeseries_table (6),2025-12-07,2.5188888888888887,2.3455555555555554,18.390833333333333,0.7447222222222222,4.864444444444445,4.864444444444445,0.20917593377847324,0,24,0,22.810676805021306,22.22,4.2140557976711195,89.25043859161687,-0.5906768050213067,6,1,12,-2.4492935982947064e-16,1.0,21.6,22.00907907372846,22.47,23.154155844155845,26.34,4.739999999999998,22.810676805021306,1.1392889870125615,1.2979793959281085,1.1450767704273837,1.520944287857407,1.6158144215642682,521.6200015792332,11959.74396671344,22.22,22.22,22.22,22.22,22.22,0.0,22.22,0.0,0.0,0.0,,,493.72840000000014,10970.645047999998,0.48861033907726514,1.7921124370193584,5.44,6.2513082591302105,6.437222222222223,5.948611883144958,4.21405579767112,2.200967993085793,4.844260106588103,4.459195822110852,-0.4827960905405627,-1.4957278695828502,22.579676088952034,130.6397933852233,84.0,87.13086161284438,89.0,91.88749321266968,94.82277777777779,10.822777777777787,89.25043859161686,3.0934542552938806,9.569459229595818,4.7566315998252975,0.04506564948032408,-1.0028873540009893,7975.1651090669375,713488.4174119232,-0.9,7.92,4.092291666666667,89.25,0.00789434523809529,18.718385138354638
timeseries_table_timeseries_table (6),2025-12-08,0.5536111111111112,4.129722222222222,16.52138888888889,2.7952777777777778,4.683333333333334,4.683333333333334,0.22086275331752622,1,23,0,22.925075744220564,22.74889674681754,0.8164964668864805,82.16238009408231,-0.17617899740302434,0,0,12,-2.4492935982947064e-16,1.0,20.84,22.25,23.09,23.558247619482177,24.54,3.6999999999999993,22.92507574422056,0.8031290715840748,0.6450163056234979,1.3082476194821773,-0.1947021470566297,-0.6000849992607487,526.2020729930326,12092.602024731807,22.22,22.22,22.22,23.33,23.33,1.1099999999999994,22.74889674681754,0.5552540677902862,0.3083070797976597,1.1099999999999994,0.09372891447628572,-1.997427585438169,517.8196468175389,11793.82518082461,-4.3318,-0.9297459770114949,1.650099194215216,2.163006392694064,5.44,9.7718,0.8164964668864804,2.5611063524490927,6.559265748555096,3.092752369705559,-0.5222025189316739,-0.700861737487926,7.19377896551989,7.759955478192512,70.06611111111111,75.0,83.70417956656347,89.73006735963735,91.73731176798663,21.671200656875513,82.16238009408232,7.137307207966116,50.94115418088508,14.730067359637346,-0.28412135754981765,-1.478147861281977,6801.348145365237,567041.509026313,-5.08,6.14,1.23125,83.45833333333333,0.719717261904762,21.693825744220565
timeseries_table_timeseries_table (6),2025-12-09,9.598333333333333,5.903888888888889,8.337222222222222,0.16055555555555556,15.502222222222223,15.502222222222223,0.6502761529677705,0,24,0,23.1730960462474,23.33,2.1776074202791955,74.52221135365372,0.1569039537525967,1,0,12,-2.4492935982947064e-16,1.0,22.03,22.817890930068398,23.06,23.38796277374197,25.07,3.039999999999999,23.17309604624741,0.6022747017219496,0.36273481633426335,0.5700718436735741,0.9398172463096115,1.0935313633636161,537.3538334364736,12469.109284476048,23.33,23.33,23.33,23.33,23.33,0.0,23.330000000000002,3.558420853047891e-15,1.266235896740608e-29,0.0,-0.9951961620702012,-2.006399983563445,544.2888999999998,12698.260036999996,-4.7446,-3.786481191222571,3.734975484575484,6.927502790697675,8.767066666666665,13.511666666666665,2.1776074202791955,5.130672640093521,26.323801739804217,10.713983981920245,-0.16432078067025713,-1.7594327292339103,30.978898583194532,159.53435341544318,52.0,61.0,76.23414687414687,88.94354838709677,94.0,42.0,74.52221135365373,14.795848150983332,218.9171225069569,27.94354838709677,-0.13834735345226662,-1.661536753476147,5771.754608791443,462196.4925713071,-5.9,9.92,2.360212765957447,74.36170212765957,0.6642633928571428,20.812883280289956
timeseries_table_timeseries_table (6),2025-12-10,0.0,4.043611111111111,19.2125,0.7438888888888889,4.043611111111111,4.043611111111111,0.1738730560665058,0,24,0,22.290559110818318,23.329999999999995,6.851122359449176,65.6656416528501,1.0394408891816767,2,0,12,-2.4492935982947064e-16,1.0,20.91,22.029419441944196,22.282208201892747,22.53759792626728,23.66,2.75,22.290559110818318,0.4323129807600507,0.18689451333364,0.5081784843230857,-0.06557047413394196,0.7003937858347031,497.0550966623719,11087.92597728962,23.33,23.33,23.33,23.33,23.33,0.0,23.33,0.0,0.0,0.0,,,544.2888999999998,12698.260036999996,2.1001,4.57712821964822,7.360695350854367,8.328128432873914,12.673533333333333,10.573433333333334,6.851122359449176,2.7006413865364705,7.29346389867363,3.7510002132256943,-0.06619247735425475,-0.5714115388202501,54.204228234124116,469.6213196084392,57.05888888888889,62.6293175369987,65.72153949129854,68.88638708122438,73.0,15.941111111111113,65.66564165285013,4.152819979246902,17.245913780032243,6.257069544225686,-0.17403934535085552,-0.8164281588805271,4329.158296256912,286521.000967947,1.32,13.1,6.833541666666666,65.6875,0.49685315349544074,15.457017444151653
timeseries_table_timeseries_table (6),2025-12-11,3.3569444444444443,0.2827777777777778,18.523333333333333,1.8369444444444445,3.639722222222222,3.6397222222222223,0.1642247483925953,0,25,1,22.85191617096824,23.33,1.5678497863326,68.66130871594443,0.47808382903175684,3,0,12,-2.4492935982947064e-16,1.0,21.88,22.35,23.01,23.223747918332652,23.95,2.0700000000000003,22.851916170968238,0.5590535026769843,0.31254081885540486,0.8737479183326506,-0.17130613575908749,-0.9071276042081848,522.5201330211261,11954.727291248015,23.33,23.33,23.33,23.33,23.33,0.0,23.33,0.0,0.0,0.0,,,544.2888999999999,12698.260036999998,-4.194694444444444,-1.1984611735330835,2.649089479905437,4.0881481986860155,5.552583333333333,9.747277777777777,1.5678497863326006,3.0996810454753847,9.608022583679375,5.2866093722190985,-0.50523676574705,-1.1109810878777433,12.018845375671821,33.77634021749946,55.0,60.07780462800234,68.2995319757056,75.56888586408549,84.50166666666667,29.501666666666665,68.66130871594443,9.41400765536746,88.62354013531714,15.491081236083147,0.1853554033009278,-1.1430588207922379,4802.562285558315,342014.91990425345,-4.74,6.14,1.6108510638297875,68.57446808510639,0.772969066616008,21.241065107138454
timeseries_table_timeseries_table (6),2025-12-12,8.429722222222223,0.0,14.988333333333333,0.5819444444444445,8.429722222222223,8.429722222222223,0.3599667872605421,2,24,0,23.11806323312795,22.58382838398995,4.947311807235306,69.67505752789319,-0.5342348491379987,4,0,12,-2.4492935982947064e-16,1.0,21.24,22.59,23.12,23.446978131212724,25.31,4.07,23.11806323312795,0.8156622715338865,0.6653049412038196,0.856978131212724,0.09871808133957675,0.22395377629895652,535.1054341173455,12401.197792482228,21.11,22.22,22.22,23.33,23.33,2.219999999999999,22.58382838398995,0.8345108102905734,0.6964082924918295,1.1099999999999994,-0.6135968763702149,-1.0038421502742279,510.7225898628606,11565.028799504376,1.1168444444444445,2.4255143492063493,3.247196806966618,8.405387568372722,10.971822222222222,9.854977777777778,4.947311807235306,3.4020782370840803,11.574136331241125,5.9798732191663735,0.784206557956239,-0.9983259947964425,35.99491551434032,322.9334610818149,53.0,62.89421846511352,69.3625776026743,76.06912270183854,89.895,36.894999999999996,69.67505752789322,10.237164584782745,104.79953873593006,13.17490423672502,0.08735228468054783,-0.7508733586160599,4958.914134828604,360140.6292733254,0.26,11.64,5.157234042553191,69.38297872340425,0.39117765324214787,17.960829190574756
timeseries_table_timeseries_table (6),2025-12-13,10.794444444444444,0.0,13.054444444444444,0.1511111111111111,10.794444444444444,10.794444444444444,0.4526183376816996,0,24,0,21.982598083948545,22.22,1.9915055965092963,84.11291182751062,0.23740191605145355,5,1,12,-2.4492935982947064e-16,1.0,19.04,21.120090168702735,22.213884223481205,22.822711428571427,24.59,5.550000000000001,21.982598083948545,1.315946430837772,1.731715008834671,1.7026212598686925,-0.4338848830213954,-0.5231279231431465,484.9586370181025,10735.458860313533,22.22,22.22,22.22,22.22,22.22,0.0,22.219999999999995,3.559700339784505e-15,1.2671466509061922e-29,0.0,0.9941234178463545,-2.0078277585544018,493.7284000000001,10970.645047999998,-3.7730333333333332,0.24699666017584235,0.6681472199359854,3.6898352315869407,7.673944444444445,11.446977777777779,1.9915055965092956,2.9574300371276805,8.746392424505034,3.4428385714110985,0.5955275717948985,-0.6293113015157998,12.675582356046787,75.3378992565828,66.0,77.22840044742729,86.9284308736217,92.0,95.93833333333333,29.938333333333333,84.11291182751059,9.127740691953738,83.31565013954811,14.77159955257271,-0.7211517100858972,-0.895379861566354,7157.9460434145285,615483.9656174319,-4.47,8.59,1.979787234042553,84.19148936170212,0.36515134245187436,20.00281084990599
timeseries_table_timeseries_table (6),2025-12-14,14.973888888888888,0.0,8.894722222222223,0.1313888888888889,14.973888888888888,14.973888888888888,0.6273464685139711,2,25,0,23.43210466278723,23.22339768069229,-8.61185297944942,63.19174269404808,-0.2087069820949381,6,1,12,-2.4492935982947064e-16,1.0,20.67,22.572127602571953,23.1707750864305,24.368490270529573,26.3,5.629999999999999,23.43210466278723,1.2378138839976336,1.5321832114173073,1.7963626679576201,0.201949282656921,-0.38197385174331533,550.5866459663837,12973.166598397436,22.22,22.22,23.89,23.89,23.89,1.6700000000000017,23.223397680692294,0.7880440177736184,0.621013373948787,1.6700000000000017,-0.4364775933447585,-1.74278890571937,539.9443904214695,12567.842669885085,-11.436233333333334,-10.287969825961646,-9.056724733296193,-6.955689697786765,-3.7730333333333332,7.663200000000001,-8.61185297944942,1.9319339944526939,3.7323689589219415,3.3322801281748813,0.413466198606124,-0.9213149392245858,77.87885783961171,-731.6833140518387,44.14944444444444,51.825976054898526,65.89402866242038,75.0,79.9088888888889,35.759444444444455,63.19174269404808,11.919366754143331,142.0713038197773,23.174023945101474,-0.26779821263899417,-1.4232761081197771,4134.600647104173,278690.2993330878,-12.08,-3.9,-8.653958333333334,62.604166666666664,0.02732475303951357,32.08606299612056
timeseries_table_timeseries_table (6),2025-12-15,13.937222222222223,0.0,9.397222222222222,0.6655555555555556,13.937222222222223,13.937222222222223,0.5972810818532451,0,24,0,23.36912027947298,23.889999999999997,-6.252950457927631,58.04748167693999,0.5208797205270166,0,0,12,-2.4492935982947064e-16,1.0,21.01,23.01399572649573,23.56,24.131485557083906,25.05,4.039999999999999,23.369120279472973,1.0450958238418941,1.0922252810117676,1.1174898305881769,-0.7757369561936538,-0.2338309969728236,547.2021982085454,12837.52565119919,23.89,23.89,23.89,23.89,23.89,0.0,23.890000000000008,7.121412591207483e-15,5.071451729420847e-29,0.0,-0.9932810891178472,-2.008948500874741,570.7321000000002,13634.789869000002,-12.884494444444444,-12.15,-7.861363383416805,-1.272751398148148,4.127516666666667,17.01201111111111,-6.252950457927631,5.834724682457891,34.04401212008334,10.877248601851852,0.24122054843455523,-1.5453198585047268,72.96608898625529,-831.8714968587219,25.0,46.61847084481175,63.35681691708403,74.79045945945946,79.0,54.0,58.047481676939995,18.089789623831617,327.24048863448604,28.171988614647702,-0.35750095819201344,-1.3441406668892313,3695.0462401241994,250164.92923863922,-13.41,4.41,-5.380444444444445,55.37777777777778,-1.1461708459979736,28.749564723917423
timeseries_table_timeseries_table (6),2025-12-16,2.218888888888889,0.0,20.564166666666665,1.2169444444444444,2.218888888888889,2.218888888888889,0.09739206769163244,2,24,0,22.225205097894243,21.23592291522376,4.3596438234347765,38.70183123667345,-0.9892821826704825,1,0,12,-2.4492935982947064e-16,1.0,20.5,21.368748220064727,22.30091476044156,23.01,24.15,3.6499999999999986,22.225205097894243,0.8876348256034259,0.7878955836240243,1.6412517799352742,-0.078100508479471,-1.0328205659033307,494.7428621023389,11030.516985923823,21.11,21.11,21.11,21.11,23.89,2.780000000000001,21.235922915223757,0.5790951796388605,0.33535122708096404,0.0,4.339965777341539,16.92765410915453,451.29811313381686,9598.747240646715,-2.307777777777778,-0.9724107110711071,6.397215962863133,8.101490322580645,9.091433333333333,11.39921111111111,4.3596438234347765,4.218583433698995,17.796446187079603,9.073901033651753,-0.5119405321907937,-1.4781562535092416,36.70515778293502,275.90681111971827,24.17,28.0,33.58112449799197,48.84298059964726,67.14555555555556,42.97555555555556,38.70183123667345,11.92058055148837,142.1002406845228,20.842980599647262,0.6075367217227187,-0.9123684254075206,1639.1512112032635,75405.91511741807,-4.21,10.1,4.197391304347827,39.0,-1.922429837892604,18.027813793546414
timeseries_table_timeseries_table (6),2025-12-17,0.5288888888888889,0.0,21.951944444444443,1.5191666666666668,0.5288888888888889,0.5288888888888889,0.02352621368820353,0,24,0,22.740613637764966,21.11,11.410830632398243,47.22709895562709,-1.6306136377649665,2,0,12,-2.4492935982947064e-16,1.0,20.48,21.6,22.659985806678268,23.63035742606244,25.8,5.32,22.740613637764966,1.3882416517786063,1.927214883732993,2.0303574260624373,0.3933785059638247,-0.7913258778955474,519.0509721955683,11891.70771170811,21.11,21.11,21.11,21.11,21.11,0.0,21.110000000000003,3.561628909076017e-15,1.268520048596602e-29,0.0,-0.992509382827185,-2.0099750000000003,445.63210000000004,9407.293631000002,6.761844444444445,8.693688848374354,11.663410380256328,13.846121423169993,16.438083333333335,9.67623888888889,11.410830632398243,2.9591977936023897,8.756851581661252,5.15243257479564,0.09796070090538647,-1.2375335119017465,138.92279532368275,1786.6706260048038,27.0,43.020454671780335,47.554273604590506,55.00000000000001,63.0,36.0,47.22709895562709,10.240869177772222,104.8754015162451,11.979545328219672,-0.5270900267871066,-0.5860816900163504,2334.7819045037663,119558.28856311589,5.48,17.14,11.419166666666667,47.708333333333336,-1.275079802835411,11.321446971098299
timeseries_table_timeseries_table (6),2025-12-18,0.0,0.0,21.71611111111111,2.283888888888889,0.0,0.0,0.0,0,24,0,22.379537915433275,21.11,11.887781019764766,78.2252050388499,-1.2695379154332755,3,0,12,-2.4492935982947064e-16,1.0,20.65,21.5,22.35710769877366,22.878156105613034,25.36,4.710000000000001,22.379537915433275,1.1667520200168646,1.3613102762134341,1.3781561056130336,0.7218914536917294,-0.011062775155632032,502.1911366633433,11300.261417347701,21.11,21.11,21.11,21.11,21.11,0.0,21.109999999999996,3.5655625948053216e-15,1.2713236617474857e-29,0.0,0.9892280653619236,-2.0143367320532066,445.6321,9407.293630999997,7.280222222222221,10.72352860391087,11.33031925647452,14.156565449010653,15.6,8.319777777777778,11.887781019764768,2.3205512688946173,5.384958191568419,3.4330368450997835,0.08660380099157855,-0.9638747162768957,146.66440718625108,1871.6785974932513,50.986666666666665,60.15828282828283,85.0,89.7472706155633,93.96887159533074,42.982204928664075,78.22520503884988,14.408695116803719,207.61049496900333,29.588987787280466,-0.7072063476357406,-1.238309510336655,6325.255342820822,524919.0105937232,6.34,16.1,11.882978723404255,77.74468085106383,0.7194653447718898,10.49655919202902
timeseries_table_timeseries_table (6),2025-12-19,1.5755555555555556,0.0,19.635277777777777,2.7891666666666666,1.5755555555555556,1.5755555555555556,0.07428070037585616,0,25,0,21.894620336423994,21.11,1.8871877221495628,62.34193178272058,-0.7846203364239948,4,0,12,-2.4492935982947064e-16,1.0,20.34,21.21,21.734527553873125,22.63,24.34,4.0,21.894620336423998,0.9187493842236054,0.8441004310112542,1.4199999999999982,0.5950795669945608,-0.3630728294203198,480.21271859736095,10551.2459975852,21.11,21.11,21.11,21.11,21.11,0.0,21.11,0.0,0.0,0.0,,,445.6321,9407.293630999999,-1.8670666666666667,-0.6297806208842898,0.9777318144643067,4.4960982577972715,7.280222222222221,9.147288888888887,1.887187722149563,2.8297041514208,8.00722558456811,5.1258788786815614,0.4973168190549855,-1.2088266401695014,11.51385907234696,63.01233122332149,40.248471372984994,55.51135912789886,64.90861353052914,68.78132075471699,80.0,39.751528627015006,62.341931782720586,11.358665762743541,129.01928790972232,13.26996162681813,-0.5775259803662051,-0.6401388736940796,4014.652052558303,265411.2485335973,-2.55,7.19,2.004583333333333,62.020833333333336,1.8538336623386638,19.89003700309066
timeseries_table_timeseries_table (6),2025-12-20,0.8802777777777778,0.0,21.260277777777777,1.8594444444444445,0.8802777777777778,0.8802777777777778,0.03975861290241638,0,24,0,22.48129179157805,21.11,8.842631130612299,44.18910199839074,-1.3712917915780523,5,1,12,-2.4492935982947064e-16,1.0,20.43,21.805253209700428,22.682023529411765,23.21023472222222,24.46,4.030000000000001,22.48129179157805,0.9707758895677374,0.942405827766032,1.4049815125217933,-0.27843197787198737,-0.8069563711274519,506.34537530064904,11425.168607292573,21.11,21.11,21.11,21.11,21.11,0.0,21.109999999999996,3.561243615877761e-15,1.2682456091630113e-29,0.0,0.9928315583338504,-2.0095464847416498,445.6321,9407.293630999999,-1.5110833333333333,-0.24201429003935818,11.069247755035866,15.191861771561774,17.858132295719845,19.369215629053176,8.842631130612299,7.306325104370645,53.38238653075671,15.433876061601133,-0.3022412124024574,-1.6283134248824975,131.28120202672744,1981.8826295675112,16.43579766536965,21.313339366515837,38.44714608009025,68.18324022346368,77.49555555555557,61.05975789018592,44.18910199839075,22.494348472407545,505.9957131981036,46.86990085694785,0.1035326920150174,-1.7564200300762225,2455.8922523959204,154175.37049687136,-2.55,18.14,8.340208333333333,47.1875,2.0695669115163797,14.141083458244719
timeseries_table_timeseries_table (6),2025-12-21,0.8216666666666667,0.0,21.460277777777776,1.7180555555555554,0.8216666666666667,0.8216666666666667,0.036875896029420936,0,24,0,22.792196757421568,21.11,7.234169060770616,43.72891171599264,-1.6821967574215684,6,1,12,-2.4492935982947064e-16,1.0,20.06,21.675292722057467,22.793604324324324,23.997578176979374,25.11,5.050000000000001,22.792196757421568,1.3312928590700062,1.7723406766107914,2.322285454921907,0.03856630596976955,-1.1757460386191152,521.2440924332586,11960.611034368114,21.11,21.11,21.11,21.11,21.11,0.0,21.11,0.0,0.0,0.0,,,445.63210000000004,9407.293630999997,2.1908954393770856,4.752365747126437,7.03449884853853,9.648772614981786,11.776266666666666,9.585371227289581,7.234169060770616,2.773844810116481,7.694215030610136,4.896406867855348,0.10521559358619408,-1.2563777611431381,59.98345008738887,546.8623647791422,24.13,33.30909191217036,45.0,53.74825708681347,69.62757087270705,45.49757087270706,43.728911715992645,12.287543381608602,150.98372235491334,20.439165174643108,-0.08632537067605668,-1.1467054093343003,2062.3386780922488,103152.9257696742,1.59,12.14,7.032291666666667,44.270833333333336,2.6227908205218564,15.759905090754902
timeseries_table_timeseries_table (6),2025-12-22,1.1894444444444445,0.0,21.179166666666667,1.631388888888889,1.1894444444444445,1.1894444444444445,0.05317471158741789,0,24,0,22.264741544613045,21.11,9.402054339964895,55.480825682148854,-1.1547415446130458,0,0,12,-2.4492935982947064e-16,1.0,20.12,21.454873129122518,22.129325346784363,23.09175969296417,24.47,4.349999999999998,22.26474154461304,1.072686033252043,1.150655325934003,1.636886563841653,0.22205098576442228,-0.9286883744221179,496.86235518334,11113.711656655985,21.11,21.11,21.11,21.11,21.11,0.0,21.11,0.0,0.0,0.0,,,445.63209999999987,9407.293630999999,0.15856666666666663,2.335504400440044,13.439140594059404,13.871595104510451,15.904972222222224,15.746405555555556,9.402054339964893,5.841352561643992,34.12139974942483,11.536090704070407,-0.5918968783090335,-1.4997298318965369,122.32940321610869,1670.2117215407936,36.0,49.98593303645081,55.73196633825944,59.986008331565785,71.29333333333334,35.29333333333334,55.480825682148854,8.879592910023396,78.84717024773775,10.000075295114975,-0.32777329895843293,-0.3628239453664279,3156.5287016361017,183597.46953557886,-0.9,16.14,8.850208333333333,56.166666666666664,1.289616394927536,13.414533211279712
timeseries_table_timeseries_table (6),2025-12-23,0.0,0.0,19.086111111111112,4.913888888888889,0.0,0.0,0.0,0,24,0,23.30554095041764,21.11,17.312501619776686,84.64197316895637,-2.195540950417641,1,0,12,-2.4492935982947064e-16,1.0,21.29,22.03451612903226,22.96796729519817,24.65309697201993,26.74,5.449999999999999,23.30554095041764,1.5392040972031893,2.3691492528470848,2.6185808429876722,0.497312709004969,-1.065660431741526,545.4779024235598,12823.059228140657,21.11,21.11,21.11,21.11,21.11,0.0,21.11,0.0,0.0,0.0,,,445.6320999999999,9407.293630999997,15.52271111111111,15.721551578632688,17.590881776251905,18.44161083676269,19.09267668336116,3.569965572250048,17.312501619776686,1.286581347710677,1.6552915642770216,2.72005925813,-0.2076928515440151,-1.613098564051876,301.3644359354058,5273.774653600922,71.29333333333334,83.0,86.73523773960666,88.0,93.0,21.706666666666663,84.64197316895637,5.503509269174014,30.28861427588429,5.0,-0.8088778880538555,-0.28696210184332127,7194.303968880087,613890.5971603316,14.65,19.7,17.280625,84.9375,0.05864038203162839,6.02491595041764
timeseries_table_timeseries_table (6),2025-12-24,0.0,12.628333333333334,9.008611111111112,2.3630555555555555,12.628333333333334,12.628333333333334,0.583646797529945,1,24,0,22.61857402606686,21.576632019559405,18.31198369216068,85.8265846048246,-1.0419420065074547,2,0,12,-2.4492935982947064e-16,1.0,21.44,21.93065293244025,22.224805381349597,22.996674765270086,25.38,3.9399999999999977,22.61857402606686,0.9547153594973588,0.911481417660171,1.0660218328298363,1.3266049236700872,1.0485344040776505,512.5074604529117,11634.398206759144,21.11,21.67,21.67,21.67,21.67,0.5600000000000023,21.576632019559398,0.20911400609374206,0.043728667544573586,0.0,-1.7784402801288923,1.167165364629792,465.59461779675127,10047.827598459098,15.527166666666666,16.29192514318442,17.44416746797579,19.425500993410363,24.08740411339633,8.560237446729666,18.311983692160677,2.4599753139847893,6.051478545414562,3.1335758502259417,0.9335447884722919,-0.2886823670086023,341.3559221606848,6485.540358920802,64.05725403001668,80.97725464292003,89.66578811369509,91.96651605231867,96.96775986659256,32.91050583657588,85.82658460482462,8.811240154446967,77.63795305933861,10.989261409398637,-0.9426997707001565,-0.12462394104843,7443.528778980183,651481.043585621,14.67,24.1,18.481458333333332,85.22916666666667,0.5909479483282674,4.137115692733527
timeseries_table_timeseries_table (6),2025-12-25,0.0,15.768888888888888,6.536388888888889,1.6947222222222222,15.768888888888888,15.768888888888888,0.7069577454264685,0,25,0,22.546002906542203,21.67,18.58035934637868,84.76472688788074,-0.876002906542201,3,0,12,-2.4492935982947064e-16,1.0,21.33,22.21275446964704,22.59894852135816,22.858229859252223,23.94,2.610000000000003,22.546002906542203,0.5025089808668842,0.2525152758518746,0.6454753896051812,-0.09602698977697377,-0.12674841995371056,508.5732502701414,11477.600031930042,21.67,21.67,21.67,21.67,21.67,0.0,21.67,0.0,0.0,0.0,,,469.5889000000001,10175.991463000002,17.324188888888887,17.85,18.195357460929138,19.03277330956154,20.67,3.3458111111111144,18.580359346378675,0.97345827158094,0.9476210065093511,1.18277330956154,0.8885135677333508,-0.2411502999156352,346.17248980270733,6467.861643792936,77.0,83.3383225312366,85.0,88.0,89.93555555555555,12.935555555555553,84.76472688788074,3.3833195006715098,11.446850843624114,4.661677468763401,-0.7150297726615494,-0.10706755376277144,7196.446770834845,611907.7285567378,15.7,21.14,18.681458333333335,84.41666666666667,1.816340077254306,3.8645445732088675
timeseries_table_timeseries_table (6),2025-12-26,0.0,15.639722222222222,5.373611111111111,2.986666666666667,15.639722222222222,15.639722222222222,0.7442761209813875,0,25,0,22.363953069356942,21.67,18.726995838149936,84.19048661877588,-0.6939530693569402,4,0,12,-2.4492935982947064e-16,1.0,21.57,22.021231498128614,22.26050515802821,22.67847151080387,24.43,2.8599999999999994,22.363953069356942,0.4821629894316283,0.23248114837764447,0.6572400126752562,1.1324010975531693,1.8908881118345384,500.37787162487973,11200.907553398642,21.67,21.67,21.67,21.67,21.67,0.0,21.670000000000005,3.5593854474543045e-15,1.2669224763549482e-29,0.0,-0.994387286038685,-2.007476609294561,469.5889,10175.991463000002,16.2852,18.09260956790123,18.941345168201032,19.662897457463263,20.361083333333333,4.0758833333333335,18.726995838149936,1.0915265532692642,1.19143021649188,1.5702878895620316,-0.695590666417228,-0.35484071224318114,351.88732427761266,6633.34391578158,77.855,80.6444937865497,82.0,88.31028281606878,95.0,17.144999999999996,84.19048661877588,4.993937408737152,24.939410842384348,7.665789029519075,0.830872723596604,-0.7082948602942798,7112.883690765044,603124.1562872668,15.16,21.14,18.728125000000002,84.1875,2.877194940476191,3.63582806935694
timeseries_table_timeseries_table (6),2025-12-27,0.0,13.868333333333334,9.799444444444445,0.3322222222222222,13.868333333333334,13.868333333333334,0.5859584057086522,0,26,0,22.67816572326695,21.67,16.837323971524047,94.50354234101509,-1.0081657232669485,5,1,12,-2.4492935982947064e-16,1.0,21.02,21.73411870503597,22.73,23.348696369636965,24.75,3.7300000000000004,22.67816572326695,0.9106606681641294,0.8293028525411387,1.6145776646009935,0.018853333394540817,-0.9514321797610346,515.1236818962885,11719.469912532915,21.67,21.67,21.67,21.67,21.67,0.0,21.670000000000005,3.560530440018827e-15,1.2677377014300663e-29,0.0,-0.9934282716715657,-2.0087526931363495,469.5889000000001,10175.991463000002,13.141527777777778,14.893617412576194,16.916331050493326,18.99,19.599516666666666,6.457988888888888,16.83732397152405,2.144338270548556,4.598186618539172,4.096382587423804,-0.22128142141941237,-1.5213548478105656,288.0717690138425,5002.280823371241,89.0,91.64839520800422,95.37224639796216,97.0,100.0,11.0,94.50354234101509,3.0824951567096264,9.501776391138304,5.351604791995783,-0.04211517593226278,-1.3590397140487591,8940.376044836927,846683.3237145675,12.14,20.16,16.825416666666666,94.54166666666667,2.2890476190476194,5.852749056600285
timeseries_table_timeseries_table (6),2025-12-28,0.0,18.59638888888889,4.730555555555555,0.6730555555555555,18.59638888888889,18.59638888888889,0.797206377936816,1,24,0,22.53784249363246,21.153580114845006,19.94731386749844,78.43931459065485,-1.3842623787874544,6,1,12,-2.4492935982947064e-16,1.0,21.02,21.88,22.501811018847004,23.11638487208009,24.84,3.8200000000000003,22.53784249363246,0.8551969475290574,0.7313618190630173,1.236384872080091,0.25986483757582574,-0.6002091351825034,508.68284920474235,11497.614328282907,21.11,21.11,21.11,21.11,21.67,0.5600000000000023,21.15358011484501,0.1502754537697669,0.022582712005709348,0.0,3.1357481935802585,7.859776815709852,447.49645731306947,9467.114952070835,9.91945,18.99,20.563147826086958,21.650381718716805,23.15,13.23055,19.947313867498437,2.7024316284096344,7.303136706228749,2.660381718716806,-2.048965858459459,4.740006005958553,405.1716174674219,8331.931325974905,61.0,70.67527951025309,78.244047008547,87.04229951690822,90.97222222222221,29.972222222222214,78.43931459065482,9.501762098666301,90.28348297965144,16.367020006655125,-0.28557366661535055,-1.3681110913680716,6242.6776318615875,503537.851838181,8.56,24.1,19.58375,78.39583333333333,1.804858630952381,2.954092493632462
timeseries_table_timeseries_table (6),2025-12-29,5.5475,1.35,16.252777777777776,0.8497222222222223,6.897500000000001,6.8975,0.297944589097803,1,24,0,21.044716775695356,21.45205595941893,-0.581397027383229,58.39598788749087,0.40733918372357536,0,0,12,-2.4492935982947064e-16,1.0,18.63,20.02,21.16,22.00220491678119,23.25,4.620000000000001,21.044716775695353,1.2701766690538414,1.613348770608712,1.982204916781189,-0.18761146224034467,-0.9618456744321575,444.48538619598924,9421.250014094987,21.11,21.11,21.67,21.67,21.67,0.5600000000000023,21.45205595941893,0.2736829753039374,0.07490237097121562,0.5600000000000023,-0.4513488101379212,-1.8047304864596048,460.26525394394184,9876.825192478595,-3.24,-2.166289089519442,-1.5285566978193146,-0.8895954545454546,10.787915508615898,14.027915508615898,-0.5813970273832288,2.8623155714673607,8.192850430664523,1.2766936349739875,2.1096423200807095,3.7723005362796407,8.484056645939352,35.06745112843688,48.0,50.0,57.48311475409836,64.5443606870229,76.50222222222222,28.502222222222215,58.39598788749086,8.342858318040157,69.60328491489183,14.544360687022902,0.49321195725060074,-1.033628335241136,3479.296953214215,211546.03929437717,-3.86,9.15,-0.7366666666666667,58.020833333333336,1.1263169642857143,21.781383442362024
timeseries_table_timeseries_table (6),2025-12-30,5.839444444444444,0.0,17.114166666666666,1.0463888888888888,5.839444444444444,5.839444444444444,0.25440199436060656,0,24,0,22.02167807970368,21.67,-1.7031584813647633,59.603217493637686,-0.35167807970367804,1,0,12,-2.4492935982947064e-16,1.0,20.61,21.586345664694374,22.017267565649398,22.406100917431193,24.02,3.41,22.02167807970368,0.6249381351001116,0.39054767270240537,0.8197552527368188,0.5894876489947612,0.35087601076668706,485.34221428317755,10705.27868365407,21.67,21.67,21.67,21.67,21.67,0.0,21.669999999999998,3.562460511049405e-15,1.2691124892786387e-29,0.0,0.9918144866144654,-2.010899101197408,469.5889,10175.991463000002,-4.989078871617732,-3.58,-2.080996768481629,0.5149033394467367,2.3589055555555554,7.347984427173287,-1.7031584813647633,2.247545144109239,5.051459174809019,4.094903339446737,0.27624729677225124,-1.2333341671729288,7.92266729052504,-27.463462851915196,43.0,49.32663490591952,63.47322935010482,67.0,72.97351755900979,29.973517559009792,59.603217493637686,9.526956277098076,90.76289590573845,17.67336509408048,-0.46638956576147444,-1.1555561819672828,3642.7756543305773,227474.11447666417,-5.97,3.1,-1.9627083333333335,60.6875,-1.917976190476191,23.984386413037015
timeseries_table_timeseries_table (6),2025-12-31,4.455555555555556,0.0,18.988055555555555,0.5563888888888889,4.455555555555556,4.455555555555556,0.19005414884415325,0,25,0,22.765658277087017,21.669999999999998,1.963278228583472,61.194458009988054,-1.0956582770870185,2,0,12,-2.4492935982947064e-16,1.0,20.54,21.75,22.613419276688315,23.963223300970874,24.88,4.34,22.765658277087017,1.207145700736639,1.4572007428069516,2.213223300970874,0.0282318566454908,-1.251995711658663,519.7238758901368,11897.866085042135,21.67,21.67,21.67,21.67,21.67,0.0,21.67,0.0,0.0,0.0,,,469.5889000000001,10175.991463000002,-3.3200000000000003,-2.7107091333333333,1.4221041014168527,6.359290432098766,9.1,12.42,1.9632782285834727,4.486453188958059,20.12826221671194,9.069999565432099,0.35015030532238384,-1.3591820138098003,23.87450715601109,157.10229046403,39.14174541411895,47.52301023308698,69.39852652163022,71.79608695652172,77.83055555555555,38.6888101414366,61.194458009988054,13.373014906734062,178.83752769573144,24.27307672343474,-0.5802221024883192,-1.3432732693927252,3922.637726747536,260426.08744684252,-4.79,9.41,2.0329166666666665,61.0625,-3.5468973214285713,20.73274161042035
timeseries_table_timeseries_table (6),2026-01-01,3.233611111111111,0.0,20.023888888888887,0.7425,3.233611111111111,3.233611111111111,0.13903519772594264,0,25,0,22.703942566019638,21.670000000000005,5.1338393517160466,68.44352597641117,-1.0339425660196326,3,0,1,0.49999999999999994,0.8660254037844387,20.5,21.46182126255559,22.62586427163458,23.72,25.42,4.920000000000002,22.70394256601964,1.3199508380008538,1.742270214739156,2.2581787374444104,0.21281609443153587,-1.137306334790704,517.2009075998176,11821.631012980843,21.67,21.67,21.67,21.67,21.67,0.0,21.669999999999995,7.124814644270099e-15,5.076298371520566e-29,0.0,0.9918589124636125,-2.0108400283553878,469.5889000000001,10175.991463,-2.8907499999999997,-1.2833743821773995,4.906025704809287,10.441115159367204,15.812900000000003,18.703650000000003,5.1338393517160466,6.036292206175058,36.43682359832975,11.724489541544603,0.212546677625321,-1.319075897452021,62.60034266111178,740.2704416342923,34.595,53.74398121212122,69.49333580384163,84.99896958658991,92.93833333333333,58.343333333333334,68.44352597641115,18.221260611691587,332.0143382791832,31.254988374468688,-0.38710931673476745,-1.1347655411337239,5014.7738967423265,386094.90048501216,-3.07,16.1,4.9262500000000005,68.97916666666667,-3.8889062500000007,17.77769256601964
timeseries_table_timeseries_table (6),2026-01-02,3.551111111111111,0.0,18.85638888888889,1.5925,3.551111111111111,3.551111111111111,0.15847868397238027,0,24,0,22.221965418631278,21.669999999999998,3.531352872816341,82.50487589311976,-0.5519654186312799,4,0,1,0.49999999999999994,0.8660254037844387,20.58,21.443415875169606,21.98963749277874,23.15240119970986,24.02,3.4400000000000013,22.221965418631285,0.9483402529161553,0.8993492353010774,1.7089853245402544,0.3584701681617167,-1.2181054958516768,494.71031252961717,11033.499198122692,21.67,21.67,21.67,21.67,21.67,0.0,21.670000000000005,3.561584388436398e-15,1.2684883355953868e-29,0.0,-0.9925466030921721,-2.0099254968936413,469.58889999999997,10175.991463,1.8399999999999999,2.518462505852093,3.0062783424077435,4.8569025625648035,5.7452499999999995,3.9052499999999997,3.5313528728163415,1.2507134418773522,1.564284113692693,2.3384400567127104,0.35474361202940163,-1.350179464269707,14.027069166660072,61.22249779834693,75.0,80.0,81.60923976608187,86.32464853832764,89.0,14.0,82.50487589311975,3.9860379468300495,15.888498513569118,6.3246485383276365,-0.03156513856342817,-0.903482143201082,6822.865159856026,565526.549606089,1.1,7.48,3.5418749999999997,82.16666666666667,-3.304895833333333,18.680090418631277
timeseries_table_timeseries_table (6),2026-01-03,7.268888888888889,0.0,15.735277777777778,0.9958333333333333,7.268888888888889,7.268888888888889,0.31598140433496347,2,24,0,22.058779504700848,22.184084261547465,2.9722245455373084,74.70042578715885,0.12530475684661724,5,1,1,0.49999999999999994,0.8660254037844387,20.32,21.47,22.025802139037435,22.529609677419355,23.99,3.669999999999998,22.058779504700848,0.8252109241119596,0.6809730692737144,1.0596096774193562,0.35222829785034926,-0.3579099820191165,487.2680024140067,10778.658056465356,21.11,21.11,22.78,22.78,22.78,1.6700000000000017,22.184084261547458,0.788920829101543,0.6223960745902661,1.6700000000000017,-0.583000006699499,-1.6356304190482738,492.75371075892684,10958.51699592757,0.05843333333333332,0.9962762626262628,2.22914544695071,5.037821721311476,7.484166666666667,7.4257333333333335,2.972224545537308,2.391143618794303,5.717567805700714,4.0415454586852135,0.7190230595449821,-1.0411967421879844,14.529611003421811,86.87197250633793,59.0,65.90537104622871,76.83136636636637,84.0,87.815,28.814999999999998,74.70042578715885,9.546455842925479,91.13481916092603,18.09462895377129,-0.2973388710186195,-1.337954845841071,5670.936560055098,436925.73614179564,-1.44,8.1,2.904255319148936,74.74468085106383,-2.371287202380952,19.15452418555191
timeseries_table_timeseries_table (6),2026-01-04,8.6575,0.0,14.750277777777777,0.5922222222222222,8.6575,8.6575,0.3698556984857835,0,24,0,22.676934167160553,22.779999999999998,1.891340548266931,67.56151646637399,0.10306583283944448,6,1,1,0.49999999999999994,0.8660254037844387,20.83,22.232708403314298,22.72230861375897,23.17,24.57,3.740000000000002,22.676934167160553,0.7351156145992704,0.5403949668276631,0.9372915966857036,-0.12166367009655024,-0.41561943504128784,514.781281847803,11698.010505336899,22.78,22.78,22.78,22.78,22.78,0.0,22.78,0.0,0.0,0.0,,,518.9284,11821.188951999999,-4.130416666666667,-1.9723730620587143,2.1478785580194764,4.931505148005147,9.202040022234574,13.33245668890124,1.8913405482669305,4.086524141383133,16.69967955810715,6.903878210063862,0.13042834915609589,-1.2250790484383483,20.206975491399408,110.02443227974315,37.285555555555554,55.60781481481481,67.74019451441366,84.0,87.0,49.714444444444446,67.56151646637399,16.292621747732554,265.4495234146878,28.39218518518519,-0.330038323833408,-1.2126756648566377,4828.897363188825,360538.5242464901,-4.47,10.16,2.191666666666667,66.375,-1.2354443705673763,20.485267500493887
timeseries_table_timeseries_table (6),2026-01-05,8.991388888888888,0.0,14.276666666666667,0.7319444444444444,8.991388888888888,8.991388888888888,0.3864263117053662,0,24,0,22.61343373649735,22.78,8.74660942820024,66.77386446539877,0.16656626350265213,0,0,1,0.49999999999999994,0.8660254037844387,20.56,21.79,22.449740437925634,23.203131712832107,25.49,4.93,22.61343373649735,1.1205872903416307,1.255715875275198,1.413131712832108,0.49227449447675736,-0.2019465306308974,512.6175449652968,11649.276387018648,22.78,22.78,22.78,22.78,22.78,0.0,22.779999999999998,3.559927318063113e-15,1.2673082509892025e-29,0.0,0.993933276294012,-2.008080774967628,518.9283999999998,11821.188952000002,-0.054000000000000006,0.7666605354058722,10.625870464135021,13.979477433872153,17.980344444444448,18.034344444444447,8.74660942820024,6.416692716876805,41.173945422819834,13.212816898466281,-0.16770686584269695,-1.4641592757746336,117.51628618799327,1701.0121135229617,48.53777777777778,55.93702315661182,68.90008951301634,74.0,83.57388888888889,35.03611111111111,66.77386446539876,10.211758937827593,104.28002060430173,18.062976843388178,-0.13511042430838868,-1.2056916728705067,4562.621652417261,318391.9631892241,-0.9,18.25,8.725624999999999,66.77083333333333,0.7152816299392099,13.88780873649735
timeseries_table_timeseries_table (6),2026-01-06,7.692222222222222,0.0,15.148055555555555,1.1597222222222223,7.692222222222222,7.692222222222222,0.33678321678321677,0,24,0,22.38355405318501,22.78,14.407519799091009,79.81034234273645,0.39644594681499257,1,0,1,0.49999999999999994,0.8660254037844387,20.69,22.02,22.570228832951944,22.843968675298804,23.45,2.759999999999998,22.383554053185012,0.6475059413221426,0.4192639440474739,0.8239686752988042,-0.8882648281519698,0.06014882812250821,501.4411857189586,11242.493680095056,22.78,22.78,22.78,22.78,22.78,0.0,22.779999999999998,3.5591908285330895e-15,1.2667839353914057e-29,0.0,0.9945504162325051,-2.0072595041322314,518.9284,11821.188952000004,10.19048888888889,12.31485597412481,12.884128155784651,16.578781355932204,20.0384,9.84791111111111,14.40751979909101,2.9899803384310206,8.93998242420408,4.263925381807393,0.5490413143381674,-1.038186076538756,216.48168737905897,3390.2399497790557,52.641666666666666,75.25579356405586,84.93074074074073,86.75095105155407,91.35,38.70833333333333,79.81034234273646,9.768651346669749,95.4265491327927,11.495157487498204,-1.0897967035944571,-0.26976277735710497,6464.744534040036,530110.1291711933,9.36,21.14,14.189574468085105,80.44680851063829,1.0843037613981763,8.193979585099903
timeseries_table_timeseries_table (6),2026-01-07,7.422777777777778,1.1925,13.52361111111111,1.8611111111111112,8.615277777777777,8.615277777777777,0.3891468005018821,1,25,0,22.880660966492123,22.72760104518514,11.126472715922757,69.66042915905484,-0.15305992130698343,2,0,1,0.49999999999999994,0.8660254037844387,21.44,22.132045677455512,22.59,22.94,26.52,5.079999999999998,22.88066096649212,1.1122089999342617,1.2370088595347706,0.8079543225444894,1.3085701817139,0.9454554326757574,524.7579066113954,12065.04372153083,22.22,22.78,22.78,22.78,22.78,0.5600000000000023,22.727601045185143,0.16333217152562324,0.02667739825527561,0.0,-2.7786520801202377,5.7380626329419275,516.5704470333311,11741.603931296875,4.013733333333334,8.105506672306825,10.367074324324323,15.171133281004709,18.906000000000002,14.892266666666668,11.126472715922757,4.524143631057586,20.467875594438922,7.065626608697883,0.281080986929218,-1.0683594593605423,144.2046204649183,2084.6153841593386,34.1,49.76812959251837,65.43851063829787,94.00000000000001,99.74333333333334,65.64333333333335,69.66042915905486,22.338455431282327,499.00659105538693,44.231870407481644,-0.025029076853133114,-1.4700430152325872,5350.078949778316,441722.41852102074,3.1,19.15,11.006170212765957,70.55319148936171,1.5256612525329278,11.874490753726166
timeseries_table_timeseries_table (6),2026-01-08,0.9494444444444444,0.0,20.09777777777778,2.952777777777778,0.9494444444444444,0.9494444444444444,0.04511020192688399,0,24,0,22.80246089693126,22.219999999999995,15.768988780550288,80.55568303673155,-0.5824608969312663,3,0,1,0.49999999999999994,0.8660254037844387,21.48,22.236812371080312,22.670737704918036,23.290321595441593,24.32,2.84,22.802460896931258,0.683623734754184,0.467341410719259,1.0535092243612816,0.2640927453347682,-0.9076014557832086,520.4156698550426,11887.97779545321,22.22,22.22,22.22,22.22,22.22,0.0,22.220000000000002,3.567126369537231e-15,1.2724390536247867e-29,0.0,-0.9879276473440894,-2.016063995837669,493.7284,10970.645048000002,7.8152,10.88019225,18.43787735197479,19.711415472985102,21.726444444444446,13.911244444444446,15.768988780550288,4.601273401637963,21.171716916620987,8.831223222985102,-0.29670825081929336,-1.5658273797580355,269.6943468429928,4887.251738954462,66.0,73.24003070910106,78.48089096573209,87.68604103189112,97.42111111111112,31.421111111111117,80.55568303673154,9.320494777054138,86.87162288909347,14.446010322790059,0.2917083808725199,-1.0045808211185707,6575.521904018554,543836.3793156449,7.1,22.14,15.821914893617022,79.7872340425532,1.6198760448328267,6.98054600331424
timeseries_table_timeseries_table (6),2026-01-09,0.0,8.135555555555555,13.1725,2.6919444444444443,8.135555555555555,8.135555555555555,0.38180656767784743,0,25,0,22.472067150233613,22.220000000000002,17.507927591132653,77.4826467560204,-0.2520671502336107,4,0,1,0.49999999999999994,0.8660254037844387,21.33,22.05,22.44,22.815701061536025,24.35,3.020000000000003,22.47206715023361,0.6372049442380884,0.4060301409614653,0.7657010615360242,0.4381137089180253,0.08241424335606995,505.39787064730456,11375.608752827553,22.22,22.22,22.22,22.22,22.22,0.0,22.220000000000002,3.559410600255316e-15,1.266940382120991e-29,0.0,-0.9943662054849663,-2.0075046639154275,493.72839999999997,10970.645047999998,10.987572222222223,15.095832907768491,18.283638844646696,20.374145521723644,20.978644444444445,9.991072222222222,17.507927591132653,3.2433353568239727,10.519224236824485,5.278312613955153,-0.8472516484867681,-0.7799048743163111,317.003991699035,5888.019250114914,62.62222222222222,70.93544049967126,75.44644841269842,89.088485235144,92.80888888888889,30.186666666666667,77.48264675602039,9.377132733556474,87.93061830273632,18.153044735472747,0.3026043773992676,-1.1161512445214727,6091.133725083158,485777.47433494305,9.67,21.93,17.43625,76.39583333333333,2.322923473910841,5.035817150233612
timeseries_table_timeseries_table (6),2026-01-10,0.6488888888888888,2.2116666666666664,20.588055555555556,0.5513888888888889,2.860555555555555,2.8605555555555555,0.1219925368714091,1,24,0,22.100994754387862,21.896883661207482,8.57103680198913,86.68921893375854,-0.20411109318038,5,1,1,0.49999999999999994,0.8660254037844387,20.56,21.65,22.08,22.600823355680863,23.39,2.830000000000002,22.10099475438785,0.6644923384328983,0.44155006783602146,0.9508233556808641,0.017783655841480433,-0.6417769513953946,488.89313244419213,10824.441665500755,21.67,21.67,21.67,22.22,22.22,0.5499999999999972,21.896883661207475,0.2713781522336322,0.07364610150974045,0.5499999999999972,0.3529881023122203,-1.8839394070561415,479.54682389039635,10503.798580739001,1.835488888888889,6.093537550117438,10.600569218500798,11.339961195211242,12.642900000000001,10.807411111111112,8.571036801989132,3.4824490754884403,12.127451563370292,5.246423645093803,-0.828674948443305,-0.7969743275110406,85.52385319730016,904.7841296668583,76.0,82.57757653274554,86.97162811791382,93.0,94.92,18.92,86.68921893375854,5.769120165931728,33.282747488960126,10.422423467254461,-0.23694045019358942,-1.1950362634002134,7548.121553896984,660034.2443963127,0.26,13.14,8.785416666666666,86.5,2.612036632472138,13.315578087721196
timeseries_table_timeseries_table (6),2026-01-11,10.966944444444444,0.0,12.8425,0.19055555555555556,10.966944444444444,10.966944444444444,0.4606132020440068,1,24,0,22.19061457055891,22.327484400618076,1.219357285886359,63.10217342367318,0.1368698300591653,6,1,1,0.49999999999999994,0.8660254037844387,20.68,21.790694613184353,22.112460362547125,22.63,24.35,3.6700000000000017,22.190614570558914,0.7440406396921904,0.5535964735135639,0.8393053868156457,0.45002159267024944,0.5543273708604879,492.9748422754093,10964.074875699107,21.67,21.67,22.78,22.78,22.78,1.1099999999999994,22.32748440061808,0.5464358795532687,0.2985921704631544,1.1099999999999994,-0.3737568371270965,-1.8669589417555306,498.8140816074737,11150.488476471652,-3.7267777777777775,0.3165537190082645,1.688902887852888,2.8464351563041523,3.903505555555556,7.630283333333333,1.2193572858863588,2.118992098305749,4.4901275126822,2.529881437295888,-0.7325259918372059,-0.539342116757791,5.960015825919999,11.206555527175247,45.99999999999999,52.0,63.847703435804696,74.0,84.39166666666667,38.39166666666667,63.10217342367321,12.005742448249261,144.13785173369416,22.0,-0.0017128611231269823,-1.4465056290917788,4125.478226103384,278445.8572212481,-5.08,4.7,1.1352083333333334,63.895833333333336,1.38695858662614,21.055406237225576
timeseries_table_timeseries_table (6),2026-01-12,13.982222222222223,0.0,8.265,1.7527777777777778,13.982222222222223,13.982222222222223,0.628492945436384,1,23,0,22.096801503537094,22.684244730063607,1.8238251003994252,59.93787519471057,0.5874432265265135,0,0,1,0.49999999999999994,0.8660254037844387,20.4,21.71954582955657,22.315295764621748,22.64630482271233,23.74,3.34,22.096801503537094,0.8305965052133705,0.6898905544726646,0.9267589931557616,-0.5455286597340522,-0.46314016240679434,488.95413303383856,10834.304376204707,21.11,22.78,22.78,22.78,22.78,1.6700000000000017,22.684244730063607,0.3892651343873577,0.15152734484960764,0.0,-3.778475807475409,12.340902326753886,514.7257012024917,11682.779851364943,-5.430005555555556,-4.03818532731377,2.821017386298216,6.419080407288858,10.45165,15.881655555555557,1.8238251003994252,5.4416610939370536,29.611675461268206,10.457265734602629,0.08935831414527619,-1.3976476862152702,32.78921106886258,181.67094510995125,28.214444444444442,42.22855072463768,57.71571298464741,81.04690332326282,88.85111111111111,60.63666666666667,59.93787519471057,20.404123180606373,416.3282427693583,38.81835259862515,-0.05812258274895012,-1.4859068968086158,4006.7850239035997,289321.3084842421,-5.9,11.1,1.8002083333333332,59.895833333333336,-0.969624493414387,20.29659317020376
timeseries_table_timeseries_table (6),2026-01-13,4.121666666666667,2.101111111111111,17.77722222222222,0.0,6.222777777777778,6.222777777777778,0.25928240740740743,1,24,0,20.986773668169324,21.897496180555553,9.779943444800661,44.25289256853618,0.9107225123862293,1,0,1,0.49999999999999994,0.8660254037844387,18.57,20.33,20.91,21.57278594075336,23.8,5.23,20.986773668169324,1.160666568616955,1.3471468835050566,1.242785940753361,0.27271001422857066,-0.21757342731234086,441.78428992222723,9328.281951187335,21.11,21.11,22.22,22.22,22.22,1.1099999999999994,21.897496180555553,0.5050588399810328,0.2550844318429865,1.1099999999999994,-0.9166492894184294,-1.1647833464919133,479.75430950347214,10516.422702850103,1.2812333333333332,3.1283573929115027,12.543169964955679,14.879294361525705,18.1,16.81876666666667,9.779943444800661,5.986163577972775,35.83415438224782,11.750936968614202,-0.13358607812731008,-1.6455817420958982,131.30999288162167,1953.1072339544348,25.0,33.29988147317667,43.134535969247665,58.034504071295764,63.72777777777778,38.72777777777778,44.25289256853618,12.761563278720676,162.857497316792,24.734622598119095,-0.08203640980103452,-1.459201337995868,2120.396775523997,108008.05807426122,-0.33,18.14,9.8368085106383,44.148936170212764,-2.28380429964539,11.149965157531025
timeseries_table_timeseries_table (6),2026-01-14,0.2011111111111111,2.3241666666666667,21.474722222222223,0.0,2.5252777777777777,2.5252777777777777,0.1052199074074074,1,24,0,22.873067008275637,21.865969097222223,5.747623215475202,69.62564892684308,-1.007097911053414,2,0,1,0.49999999999999994,0.8660254037844387,21.06,21.962345534450378,22.52,23.99826537433155,25.14,4.080000000000002,22.87306700827564,1.1707448106290441,1.3706434116148365,2.0359198398811706,0.3752170545118937,-1.2804396266155689,524.5409153352095,12060.84656823046,21.11,21.11,22.22,22.22,22.22,1.1099999999999994,21.865969097222223,0.5184354350861937,0.268775300353011,1.1099999999999994,-0.7720056142291778,-1.4099278142446028,478.388240982639,10472.019179964478,-1.7825333333333333,2.1892381960784313,7.501429861111111,8.09466071937322,12.595555555555556,14.37808888888889,5.747623215475201,4.044344300364,16.356720819886775,5.905422523294789,-0.6390821303897183,-0.889256902038909,49.31616788760494,428.32810841668817,45.22222222222222,57.38040808956302,64.38844568706638,87.10609595959596,94.0,48.77777777777778,69.62564892684307,15.314627357839647,234.5378111094906,29.725687870032942,0.4600383897813313,-1.3535502618047843,5081.182976393915,387941.5474632147,-3.12,12.14,5.69,68.97826086956522,-1.7090192819148935,17.183067008275636
timeseries_table_timeseries_table (6),2026-01-15,11.709166666666667,1.3541666666666667,10.155277777777778,0.7813888888888889,13.063333333333333,13.063333333333333,0.5626233744481798,1,24,0,21.186423885927383,21.95217802142316,-3.1967357113110757,55.14651147446309,0.7657541354957758,3,0,1,0.49999999999999994,0.8660254037844387,16.58,20.948258160659936,21.761281827962495,22.035487074131144,24.28,7.700000000000003,21.18642388592739,1.5171504126743207,2.3017453746778616,1.0872289134712076,-1.5680238549761196,1.7134451350883255,451.1577774660031,9650.114504787383,21.11,22.22,22.22,22.22,22.22,1.1099999999999994,21.95217802142316,0.4757753887217278,0.2263622205133112,0.0,-1.20288855798603,-0.5550030510679047,482.1236736682656,10593.437958169508,-5.5450277777777774,-4.501855334050024,-3.226912195121951,-2.2667449936628645,0.05288888888888886,5.597916666666666,-3.1967357113110753,1.457699726188227,2.124888491729232,2.2351103403871595,0.3587257861811739,-0.8653483566711722,12.335674803654767,-51.85489492202211,39.172222222222224,48.14851111111111,56.69607964033398,62.20397003745318,69.96555555555555,30.79333333333333,55.14651147446309,8.787772795250097,77.22495070093771,14.05545892634207,-0.3238368302549052,-1.1191408181561457,3118.0598355601005,180214.32718468737,-7.01,0.53,-3.2302173913043477,55.41304347826087,-1.877851285460993,24.41664127723173
timeseries_table_timeseries_table (6),2026-01-16,10.085833333333333,0.0,12.681666666666667,1.2325,10.085833333333333,10.085833333333333,0.4429925698180887,0,24,0,22.18052952260144,22.22,3.3988176993992565,62.774002780544684,0.03947047739855947,4,0,1,0.49999999999999994,0.8660254037844387,20.93,21.792094785563062,21.99,22.3,24.24,3.3099999999999987,22.18052952260144,0.6391997855285719,0.40857636581977236,0.5079052144369385,1.3333496069603628,1.368657524075056,492.38308594325355,10939.729441929458,22.22,22.22,22.22,22.22,22.22,0.0,22.220000000000002,3.558689652206246e-15,1.2664272040719814e-29,0.0,-0.9949706681004897,-2.0067001486419533,493.72839999999997,10970.645048,-4.750377777777778,1.4502685990338164,3.9258072831802164,5.879894898637421,9.798022222222222,14.5484,3.3988176993992574,3.9216393400001373,15.379255113036713,4.429626299603604,-0.33949160585253907,-0.604623644966872,26.875088198490616,175.02917115963012,38.38333333333333,45.136728005608134,56.132724376990815,88.80605747126437,95.0,56.61666666666667,62.7740027805447,20.7149011616882,429.1071301385111,43.66932946565623,0.4346131241243132,-1.462454996703467,4368.116470813779,331744.3187930069,-5.35,10.26,3.237872340425532,63.97872340425532,-2.1245941189264785,18.942657182175907
timeseries_table_timeseries_table (6),2026-01-17,6.078888888888889,2.4680555555555554,15.453055555555556,0.0,8.546944444444444,8.546944444444444,0.35612268518518514,2,24,0,22.26923635290314,22.463690740740738,0.5188516238660607,61.48725646422881,0.19445438783759883,5,1,1,0.49999999999999994,0.8660254037844387,20.22,21.78550442851366,22.088018124005846,22.904238042977525,24.21,3.990000000000002,22.26923635290314,0.8425336048246017,0.7098628752587381,1.1187336144638635,0.27568193608489727,-0.3530220873561074,496.62643835979884,11091.169639607171,22.22,22.22,22.22,22.78,22.78,0.5600000000000023,22.463690740740738,0.27807754424733877,0.07732712061463066,0.5600000000000023,0.26031581850678714,-1.938358992925645,504.69448333333327,11340.76946585407,-5.3448,-1.2594352173913044,0.5687184389545291,2.497188192395936,5.179488604780433,10.524288604780434,0.5188516238660605,2.910511673926245,8.471078204060953,3.7566234097872404,-0.20862763143430968,-0.8876524241536439,8.708558326989998,8.132241764657,38.02222222222222,44.150161437145876,55.00003179947624,83.74196642685851,93.17765363128491,55.15543140906269,61.487256464228835,18.658063405191957,348.1233300321632,39.591804989712635,0.38596855954708664,-1.465724109385878,4127.502204833261,298945.7297342913,-6.46,6.37,0.8114893617021277,63.06382978723404,-0.7672747414761464,21.457746991201013
timeseries_table_timeseries_table (6),2026-01-18,8.85138888888889,0.0,14.273888888888889,0.8747222222222222,8.85138888888889,8.85138888888889,0.3827581650670863,1,24,0,22.527722820182323,22.238301400103175,-4.637645768926784,61.303801104515664,-0.2894214200791474,6,1,1,0.49999999999999994,0.8660254037844387,21.53,21.886743111592864,22.138125962644637,22.943222359280657,24.93,3.3999999999999986,22.527722820182323,0.8709614868797961,0.7585739116278654,1.0564792476877933,1.1545686881611186,0.19460788233650916,508.25289778343097,11484.542158091252,22.22,22.22,22.22,22.22,22.78,0.5600000000000023,22.238301400103175,0.09979431714239118,0.009958905733916149,0.0,5.221027625540885,25.374005301445887,494.5519630046428,10998.44173423647,-9.559888888888889,-7.713567298670837,-3.994583968980422,-1.3652963568054357,0.10325555555555556,9.663144444444445,-4.637645768926785,3.16736326853837,10.032190074886067,6.348270941865401,-0.11320432702522236,-1.5084938020681562,31.49455382770485,-242.28815887629995,42.0,47.993741703539825,59.0,74.32918833044482,83.0,41.0,61.303801104515664,13.756526336808765,189.24201685531315,26.335446626904996,0.16008458198273354,-1.4552406020277957,3946.541747998526,265452.28180069476,-10.33,0.48,-4.476875000000001,60.6875,-0.39867338580899514,27.004597820182322
timeseries_table_timeseries_table (6),2026-01-19,11.171666666666667,0.0,12.170555555555556,0.6577777777777778,11.171666666666667,11.171666666666667,0.47860338918507234,0,24,0,22.647680847160714,22.78,-2.638015794745132,52.929294271460066,0.13231915283928686,0,0,1,0.49999999999999994,0.8660254037844387,21.75,22.32,22.58,22.89,24.29,2.539999999999999,22.647680847160714,0.4993269800646102,0.2493274330204436,0.5700000000000003,0.9818096783418395,1.02990574938363,513.1656571276328,11633.376988959697,22.78,22.78,22.78,22.78,22.78,0.0,22.78,0.0,0.0,0.0,,,518.9284000000001,11821.188952,-8.635455555555556,-4.416922411721206,-3.0455364530225784,0.5213668275958577,1.8997998888271261,10.535255444382681,-2.6380157947451326,3.0329890175493666,9.199022380575073,4.938289239317064,-0.21185986527819942,-0.9898744050527828,16.12029365472054,-96.77119552851603,32.79333333333334,43.2032304526749,53.795878267973855,61.05018058690745,70.42666666666668,37.63333333333334,52.92929427146006,10.388598921851338,107.92298755909079,17.84695013423255,-0.19000137864261768,-1.1206082503579229,2908.989052113086,165135.27440779394,-9.79,3.04,-2.6808333333333336,52.708333333333336,-1.404786284194529,25.328514180494047
timeseries_table_timeseries_table (6),2026-01-20,14.184444444444445,0.0,9.815555555555555,0.0,14.184444444444445,14.184444444444445,0.5910185185185185,0,25,0,22.335305039840698,22.78,-4.465527818130496,52.90057504790457,0.4446949601593033,1,0,1,0.49999999999999994,0.8660254037844387,20.39,21.47,22.421557522123894,23.20575371020732,24.4,4.009999999999998,22.335305039840698,0.9701842075592955,0.941257396597458,1.7357537102073195,-0.04738691801332347,-0.9336793506395602,499.80223163800133,11205.020714239836,22.78,22.78,22.78,22.78,22.78,0.0,22.78,0.0,0.0,0.0,,,518.9284,11821.188952000002,-11.900000000000002,-10.742213017751478,-1.7494560065821965,-0.6712145911801634,3.138366666666667,15.038366666666668,-4.465527818130496,5.260796642762717,27.675981316503474,10.070998426571315,-0.19296462306279308,-1.6225237160794455,47.47277427497732,-485.974556617208,29.317398554752643,34.439026124338625,46.0,75.0,85.0,55.68260144524736,52.900575047904574,19.10807165260246,365.11840228098976,40.560973875661375,0.28229130566380034,-1.5351277658636302,3161.68758433476,207653.3047533931,-11.9,4.15,-4.295833333333333,52.395833333333336,-1.9230345992467293,26.631138373174032
timeseries_table_timeseries_table (6),2026-01-21,5.491666666666666,2.736111111111111,15.314166666666667,0.45805555555555555,8.227777777777778,8.227777777777778,0.34949440124600295,3,24,0,22.049625213685957,22.19826786049128,4.8839088132142185,79.21239411267928,0.14864264680532457,2,0,1,0.49999999999999994,0.8660254037844387,20.4,21.075027188985516,21.94926247288503,22.8,24.79,4.390000000000001,22.049625213685957,1.0809307832981219,1.1684113582814912,1.724972811014485,0.42819993411369234,-0.7407569661858187,487.35025476025356,10797.77526389119,21.11,21.11,22.78,22.78,22.78,1.6700000000000017,22.198267860491285,0.7813905331397684,0.6105711652804515,1.6700000000000017,-0.6472600265115431,-1.5469458854656148,493.3716847974874,10978.707243714749,-1.3378,3.6138862912999175,5.532573126358149,6.067311962081905,6.278177966101696,7.6159779661016955,4.8839088132142185,1.746820459385354,3.0513817173272595,2.4534256707819875,-1.977927851360386,3.87962615959946,26.883739187176204,150.36290180712115,42.0360970107163,48.464211356466876,91.0,93.0,96.73809523809524,54.701998227378944,79.21239411267923,21.50600611862895,462.50829917450585,44.535788643533124,-1.0200305941676988,-0.9266728507120181,6734.048711368224,596061.7049043019,-2.86,7.1,4.378,72.64444444444445,-1.3061956865886966,17.671625213685957
timeseries_table_timeseries_table (6),2026-01-22,0.45444444444444443,9.44138888888889,14.104166666666666,0.0,9.895833333333334,9.895833333333334,0.4123263888888889,3,24,0,22.659855588204312,22.525932407407407,2.208482204811358,64.23952656904672,-0.13392318079690568,3,0,1,0.49999999999999994,0.8660254037844387,20.52,21.65,22.3,23.713323103733273,25.09,4.57,22.659855588204316,1.24562339092444,1.5515776320181005,2.063323103733275,0.34388561373625237,-1.155788085969489,515.0163467842372,11740.983469177709,22.22,22.22,22.78,22.78,22.78,0.5600000000000023,22.52593240740741,0.2791730370183934,0.07793758459807325,0.5600000000000023,-0.1852794167471857,-1.9709623284045228,507.49535833333334,11435.30387685074,-1.0881294964028778,-0.001277785996298509,1.8375108547786305,4.632696206837383,6.853146526561588,7.941276022964466,2.2084822048113586,2.528354826653957,6.392578129464362,4.633973992833681,0.35211074001700476,-1.2512072214422392,11.250302307265217,58.686065462602954,33.823117338003506,45.59156631179859,57.02222667308501,92.55666897820494,97.85595238095237,64.03283504294888,64.23952656904672,22.04008585872077,485.7653846597832,46.96510266640635,0.3652150351586903,-1.452651721254265,4610.987495753014,362336.4032298301,-2.25,7.19,2.0151020408163265,64.59183673469387,0.15231850469142325,20.644753547387985
timeseries_table_timeseries_table (6),2026-01-23,1.5652777777777778,0.0,22.060833333333335,0.3738888888888889,1.5652777777777778,1.5652777777777778,0.0662520281233099,5,24,0,23.006330114477578,22.60425599962919,-3.106543952919812,48.018297384023775,-0.4020741148483893,4,0,1,0.49999999999999994,0.8660254037844387,21.65,22.272099740932642,22.868478828029076,23.6,25.1,3.450000000000003,23.00633011447758,0.8211660826042997,0.6743137352196915,1.3279002590673592,0.4642534928702418,-0.5273498093560729,529.9617928841197,12223.587619990736,22.22,22.22,22.22,23.33,23.33,1.1099999999999994,22.60425599962919,0.5293819391531932,0.2802452375015952,1.1099999999999994,0.6419071275783231,-1.5957053547682332,511.2312607831095,11568.704889957258,-8.69,-6.556525327710214,-1.5,-1.0761020132030035,0.6432740411339634,9.333274041133963,-3.106543952919812,3.101038861087659,9.616442017975846,5.4804233145072105,-0.7024526370510532,-1.1361587227835126,19.190736381001866,-139.8382890444464,34.19111111111111,40.99172862238281,45.0,55.6692522942481,59.0,24.808888888888887,48.01829738402378,8.185360503532364,67.00012657278758,14.677523671865295,0.025204000977527674,-1.5467803395186734,2372.22526319704,120307.43736352402,-9.77,1.32,-3.330408163265306,47.48979591836735,0.13020543015838554,26.336738277742885
timeseries_table_timeseries_table (6),2026-01-24,12.12111111111111,0.0,11.056944444444444,0.8219444444444445,12.12111111111111,12.12111111111111,0.5229563404081926,0,24,0,23.477387755412956,23.33,-8.836340877882227,76.19338088132436,-0.14738775541295723,5,1,1,0.49999999999999994,0.8660254037844387,22.51,23.07,23.344757145634844,23.683988984585127,25.16,2.6499999999999986,23.477387755412952,0.6209313433469915,0.38555573315069946,0.6139889845851272,1.0774504657174313,0.5330840883265409,551.5692753456111,12967.578799690553,23.33,23.33,23.33,23.33,23.33,0.0,23.330000000000005,7.124101311900273e-15,5.07528195022192e-29,0.0,-0.9921568851695205,-2.010443792659192,544.2889000000001,12698.260037,-10.063166666666667,-9.278675972247957,-9.052097712667004,-8.440674296847849,-7.173733333333333,2.8894333333333346,-8.836340877882227,0.6703452408973429,0.4493627419937167,0.8380016754001076,0.7129733069168877,0.02753095407846784,78.52711832577411,-701.5631371009114,45.0,72.0154404603807,81.67682035306335,85.47355093702815,91.0,46.0,76.19338088132434,14.163882599198661,200.61557028388265,13.458110476647448,-1.0329352298611214,-0.33220591793963106,6004.63407470422,484934.1576940802,-10.97,-6.41,-8.911041666666668,74.14583333333333,0.272039101430846,32.388429422079625
timeseries_table_timeseries_table (6),2026-01-25,10.423333333333334,0.0,13.567222222222222,0.009444444444444445,10.423333333333334,10.423333333333334,0.4344765301160179,0,24,0,23.500299381732805,23.33,-6.9009761915504395,85.99479081038854,-0.17029938173280712,6,1,1,0.49999999999999994,0.8660254037844387,22.02,23.138026136508554,23.51,23.87,24.61,2.59,23.500299381732816,0.5367917224131868,0.28814535325131585,0.7319738634914472,-0.1552295579135147,-0.5182229892620511,552.5503810636013,12998.532111463148,23.33,23.33,23.33,23.33,23.33,0.0,23.33,0.0,0.0,0.0,,,544.2889,12698.260037,-10.180000000000001,-9.586427564412238,-7.17,-5.778090072320842,0.1,10.280000000000001,-6.9009761915504395,3.0579875609320646,9.351287922815239,3.808337492091396,0.9364006329924434,-0.26409526100201264,56.92800387954716,-494.5020730041868,79.09722222222221,82.0161942557729,86.0,89.45695023148149,93.85222222222222,14.75500000000001,85.99479081038854,4.23322336638581,17.920180069714814,7.4407559757085835,0.13196182069258525,-1.1499287786807542,7412.934625691852,640550.4469190652,-10.97,0.1,-7.03,85.95833333333333,-0.29609693877551013,30.530299381732807
timeseries_table_timeseries_table (6),2026-01-26,14.373888888888889,0.0,8.5475,1.0786111111111112,14.373888888888889,14.373888888888889,0.6270950228437776,1,25,0,22.910277323169964,23.121718050541514,-11.177785869390272,72.78432428274043,0.2114407273715493,0,0,1,0.49999999999999994,0.8660254037844387,20.86,21.720406342913776,22.998449367088607,23.87,24.99,4.129999999999999,22.910277323169964,1.1334800410893002,1.2847770035478017,2.149593657086225,-0.08451815996097829,-1.2829423591703397,526.1558508689859,12112.676593583155,22.22,23.33,23.33,23.33,23.33,1.1099999999999994,23.121718050541514,0.43449945778002014,0.1887897788111315,0.0,-1.5876732538203808,0.5234991919173786,534.801657202166,12374.087948871513,-14.2,-12.31964792860436,-10.938818448637315,-10.236341984624145,-8.9,5.299999999999999,-11.177785869390274,1.5257522164636086,2.3279198260436145,2.083305943980214,-0.22732932864902786,-0.8676109652459516,127.25498057869166,-1474.9243101938616,54.81481481481482,61.67146076407607,77.0,82.80395614035088,85.0,30.185185185185183,72.78432428274041,10.49260037898547,110.09466271308602,21.132495376274804,-0.29834967775363797,-1.5811586383013838,5406.903580724441,409110.4848168895,-15.08,-7.86,-11.299090909090909,72.5909090909091,-1.0709401724975707,34.20936823226087
timeseries_table_timeseries_table (6),2026-01-27,5.968333333333334,0.0,16.77638888888889,1.2552777777777777,5.968333333333334,5.968333333333334,0.2624051977870324,2,24,0,22.879379382738097,21.9453527883991,-6.832280507887891,77.49209693522482,-0.9340265943389987,1,0,1,0.49999999999999994,0.8660254037844387,21.1,22.26105557587816,22.79,23.64946214701681,25.05,3.9499999999999993,22.879379382738097,0.921944249812297,0.849981199761959,1.388406571138649,-0.002549758211376476,-0.8716066092883108,524.3115551536079,12034.612498349732,21.11,21.11,22.22,22.22,22.78,1.6700000000000017,21.94535278839911,0.5477395012135396,0.30001856118965725,1.1099999999999994,-0.6673597323007558,-1.0195138942191104,481.89719415265847,10588.403766624087,-13.951466666666667,-12.35,-4.7534338266838265,-2.3673688193085454,-0.9052777777777777,13.046188888888889,-6.8322805078878925,4.776385637667805,22.813859759719286,9.982631180691454,-0.19791243255755722,-1.6981051320917022,69.35971752312695,-805.3587327462343,69.08333333333333,74.16897701901114,76.0,79.25545366327025,94.155,25.071666666666673,77.49209693522482,5.082318974370275,25.829966157244122,5.086476644259108,1.482852509764856,1.4903549094912565,6030.7031125981275,471506.18135625485,-15.08,-0.86,-6.725,77.125,-1.9554255869555612,29.604379382738095
timeseries_table_timeseries_table (6),2026-01-28,9.321944444444444,0.0,14.189166666666667,0.4888888888888889,9.321944444444444,9.321944444444444,0.3964910207939508,0,24,0,22.906083567785668,22.78,,,-0.12608356778566687,2,0,1,0.49999999999999994,0.8660254037844387,21.39,22.3,22.924202828447598,23.460454928390902,25.13,3.7399999999999984,22.906083567785668,0.8399938080110787,0.7055895974969529,1.1604549283909016,-0.08173233327408862,-0.638196788042463,525.3911728345959,12066.789101877639,22.78,22.78,22.78,22.78,22.78,0.0,22.78,0.0,0.0,0.0,,,518.9283999999999,11821.188952000002,,,,,,,,,,,,,,,,,,,,,,,,,,,,,,,,,,
timeseries_table_timeseries_table (6),2026-01-29,6.958888888888889,0.0,17.04111111111111,0.0,6.958888888888889,6.958888888888889,0.2899537037037037,0,24,0,22.917085730738002,22.78,,,-0.13708573073800068,3,0,1,0.49999999999999994,0.8660254037844387,21.66,22.53,22.858908503933556,23.433772151898733,24.61,2.9499999999999993,22.917085730738005,0.5970854727235527,0.35651106173750846,0.9037721518987318,0.45866400869189605,-0.224273117387761,525.5480741310928,12060.410757732294,22.78,22.78,22.78,22.78,22.78,0.0,22.780000000000005,3.558610303071879e-15,1.266370728912933e-29,0.0,-0.9950372265165022,-2.0066115521249066,518.9284000000002,11821.188952000004,,,,,,,,,,,,,,,,,,,,,,,,,,,,,,,,,,
timeseries_table_timeseries_table (6),2026-01-30,9.24638888888889,0.0,13.9825,0.7711111111111111,9.24638888888889,9.24638888888889,0.3980555821295322,0,24,0,22.761222402939637,22.78,,,0.01877759706036386,4,0,1,0.49999999999999994,0.8660254037844387,20.37,22.35815,22.700009671179885,23.096094434580912,25.12,4.75,22.76122240293963,0.685957073396632,0.4705371065428724,0.7379444345809141,0.41712900825125915,1.7088211440436858,518.541796993989,11824.109422320049,22.78,22.78,22.78,22.78,22.78,0.0,22.78,0.0,0.0,0.0,,,518.9284,11821.188952000002,,,,,,,,,,,,,,,,,,,,,,,,,,,,,,,,,,
timeseries_table_timeseries_table (6),2026-01-31,18.177777777777777,0.0,5.822222222222222,0.0,18.177777777777777,18.177777777777777,0.7574074074074074,2,24,0,21.698784963061286,22.16801087962963,,,0.46922591656834456,5,1,1,0.49999999999999994,0.8660254037844387,19.89,20.937818818613707,21.704696221740132,22.04,25.4,5.509999999999998,21.69878496306128,1.1340341870920956,1.2860335374936303,1.1021811813862925,1.0776413109727883,1.8373749000750728,472.1162362923303,10301.424405433967,21.11,22.22,22.22,22.22,22.78,1.6700000000000017,22.168010879629627,0.28923542956229964,0.08365713371408799,0.0,-2.747879393132864,8.72724127433727,491.5040163680555,10899.293527228449,,,,,,,,,,,,,,,,,,,,,,,,,,,,,,,,,,
timeseries_table_timeseries_table (6),2026-02-01,15.02138888888889,0.0,8.97861111111111,0.0,15.02138888888889,15.02138888888889,0.6258912037037038,1,24,0,22.188293047082173,22.284425925925923,,,0.09613287884375055,6,1,2,0.8660254037844386,0.5000000000000001,21.11,21.746664146567966,22.0,22.284950980392157,24.51,3.400000000000002,22.18829304708217,0.6731879430755834,0.4531820067023348,0.5382868338241913,1.7906378723489191,3.1234314200016167,492.77160191582635,10954.332083431264,22.22,22.22,22.22,22.22,22.78,0.5600000000000023,22.28442592592593,0.17900350614685212,0.032042255212866126,0.0,2.399999545153458,3.773512868161137,496.6275666666665,11068.49697399259,,,,,,,,,,,,,,,,,,,,,,,,,,,,,,,,,,
timeseries_table_timeseries_table (6),2026-02-02,11.754166666666666,0.0,12.245833333333334,0.0,11.754166666666666,11.754166666666666,0.48975694444444445,0,24,0,22.710134026766458,22.78,,,0.0698659732335436,0,0,2,0.8660254037844386,0.5000000000000001,21.79,22.33,22.6,22.9,24.93,3.1400000000000006,22.710134026766458,0.6197085790112447,0.384038722900136,0.5700000000000003,1.5962116181685901,2.5250519901410104,516.1332364460729,11739.233046286343,22.78,22.78,22.78,22.78,22.78,0.0,22.78,0.0,0.0,0.0,,,518.9284,11821.188952000004,,,,,,,,,,,,,,,,,,,,,,,,,,,,,,,,,,
timeseries_table_timeseries_table (6),2026-02-03,12.4475,0.0,11.18138888888889,0.3711111111111111,12.4475,12.4475,0.526791592212922,0,24,0,22.59643386095691,22.78,,,0.18356613904309071,1,0,2,0.8660254037844386,0.5000000000000001,21.76,22.31042719509819,22.51848944373001,22.856529779903152,24.04,2.2799999999999976,22.59643386095691,0.42331175286906014,0.17919284011707623,0.546102584804963,0.9913089817332205,0.6762659786914509,510.77748591638533,11549.899152393577,22.78,22.78,22.78,22.78,22.78,0.0,22.78,0.0,0.0,0.0,,,518.9284,11821.188952000002,,,,,,,,,,,,,,,,,,,,,,,,,,,,,,,,,,
timeseries_table_timeseries_table (6),2026-02-04,16.233888888888888,0.0,7.766111111111111,0.0,16.233888888888888,16.233888888888888,0.676412037037037,1,25,0,21.9573820097846,22.709624074074075,,,0.7522420642894758,2,0,2,0.8660254037844386,0.5000000000000001,18.69,21.776818181818182,22.33,22.64,24.31,5.619999999999997,21.9573820097846,1.156082171566619,1.3365259874141895,0.8631818181818183,-1.1679033737851916,0.7606401197438593,483.4583774039285,10672.159316122277,22.22,22.78,22.78,22.78,22.78,0.5600000000000023,22.70962407407407,0.18593204078405565,0.034570723790123735,0.0,-2.2474773815130464,3.061190474912266,515.7614833333333,11714.299997027407,,,,,,,,,,,,,,,,,,,,,,,,,,,,,,,,,,
timeseries_table_timeseries_table (6),2026-02-05,9.791666666666666,0.0,13.993333333333334,0.215,9.791666666666666,9.791666666666666,0.4116740242449723,9,26,0,23.09333577574428,22.530344954651895,,,-0.5629908210923844,3,0,2,0.8660254037844386,0.5000000000000001,21.23,22.548810068649885,23.18,23.76,25.11,3.879999999999999,23.093335775744286,1.006601562768993,1.013246706168979,1.2111899313501162,-0.20213098814816585,-0.8663048637936019,534.3111286548822,12385.421172953034,21.11,22.22,22.22,23.33,28.89,7.780000000000001,22.530344954651895,1.024394236213238,1.0493835511869034,1.1099999999999994,3.3308535074331425,18.558408932534,508.6619834310031,11511.023299319586,,,,,,,,,,,,,,,,,,,,,,,,,,,,,,,,,,
timeseries_table_timeseries_table (6),2026-02-06,6.831666666666667,0.0,15.172222222222222,1.9961111111111112,6.831666666666667,6.831666666666667,0.3104754210114374,5,24,0,22.131127509904967,21.948598566944987,,,-0.1825289429599799,4,0,2,0.8660254037844386,0.5000000000000001,20.92,21.51,22.05,22.561474213966502,24.34,3.419999999999998,22.131127509904974,0.7454446289367063,0.5556876948105837,1.0514742139665003,0.5475728767134258,-0.5443424515548689,490.3403470421479,10876.51259241191,21.11,21.67,22.22,22.22,22.22,1.1099999999999994,21.948598566944987,0.387629708965717,0.1502567912728465,0.5499999999999972,-1.0856746880302794,-0.1696604958666592,481.8907104707764,10583.335312798177,,,,,,,,,,,,,,,,,,,,,,,,,,,,,,,,,,
timeseries_table_timeseries_table (6),2026-02-07,2.571111111111111,0.0,19.651666666666667,1.7772222222222223,2.571111111111111,2.571111111111111,0.11569710757231069,4,24,0,22.703379683643284,21.74760835202,,,-0.9557713316232856,5,1,2,0.8660254037844386,0.5000000000000001,20.81,21.803146854879614,22.42965820926819,23.606229508196723,25.27,4.460000000000001,22.70337968364328,1.1593011087655913,1.3439790607851292,1.8030826533171087,0.319615338810946,-0.9470880754619309,516.7815592162561,11793.945183400414,21.11,21.11,22.22,22.22,22.22,1.1099999999999994,21.747608352020002,0.5499891302013955,0.30248804333968754,1.1099999999999994,-0.29912164659571305,-1.9186364046012612,473.25966989302646,10305.316982911258,,,,,,,,,,,,,,,,,,,,,,,,,,,,,,,,,,
timeseries_table_timeseries_table (6),2026-02-08,5.1819444444444445,0.0,18.358888888888888,0.45916666666666667,5.1819444444444445,5.1819444444444445,0.22012578616352202,4,24,0,21.926282674973667,21.44540516869031,,,-0.4808775062833561,6,1,2,0.8660254037844386,0.5000000000000001,20.39,21.32739140805993,21.8,22.371243633818153,24.51,4.120000000000001,21.92628267497367,0.864004428576451,0.7465036525997195,1.0438522257582221,0.9216513999968521,0.7431485015234589,481.50578356887866,10590.8488023498,21.11,21.11,21.11,22.22,22.22,1.1099999999999994,21.44540516869031,0.5105520397187242,0.26066338526094973,1.1099999999999994,0.8573860404647701,-1.2690448037078474,460.1652059593512,9879.686555091099,,,,,,,,,,,,,,,,,,,,,,,,,,,,,,,,,,
timeseries_table_timeseries_table (6),2026-02-09,1.941111111111111,0.0,21.064444444444444,0.9944444444444445,1.941111111111111,1.941111111111111,0.08437575464863559,4,24,0,22.015566581348242,21.45505294727488,,,-0.560513634073363,0,0,2,0.8660254037844386,0.5000000000000001,20.64,21.40733913043478,21.78903651751959,22.33,24.8,4.16,22.015566581348242,0.9319002455766978,0.8684380677059097,0.9226608695652168,1.2529266047128675,1.1355004134302389,485.5480071392401,10728.620083584217,21.11,21.11,21.11,22.22,22.22,1.1099999999999994,21.455052947274883,0.5151990728710212,0.2654300846871598,1.1099999999999994,0.8104601702754671,-1.3506061424300482,460.58324420542067,9893.274724749741,,,,,,,,,,,,,,,,,,,,,,,,,,,,,,,,,,
timeseries_table_timeseries_table (6),2026-02-10,1.5769444444444445,4.345277777777778,16.9375,1.1402777777777777,5.9222222222222225,5.9222222222222225,0.25906798711950907,7,24,0,22.571437286180497,21.434985224441945,,,-1.1364520617385523,1,0,2,0.8660254037844386,0.5000000000000001,21.26,21.92327711223203,22.66315586605637,23.125577301267622,24.542105263157893,3.2821052631578915,22.571437286180497,0.6916775931686648,0.4784178928915971,1.2023001890355935,0.025925782540775134,-1.0037244242873287,509.9456542808448,11531.697214512376,21.11,21.11,21.11,22.0,23.33,2.219999999999999,21.434985224441945,0.5005297268348301,0.2505300074453496,0.8900000000000006,1.3239824437652052,1.291724516346692,459.70793983417167,9864.68847490772,,,,,,,,,,,,,,,,,,,,,,,,,,,,,,,,,,
timeseries_table_timeseries_table (6),2026-02-11,0.5738888888888889,2.2408333333333332,21.185277777777777,0.0,2.814722222222222,2.814722222222222,0.11728009259259259,1,24,0,22.87495112980856,21.7949625,,,-1.079988629808561,2,0,2,0.8660254037844386,0.5000000000000001,19.37,22.21472972972973,23.1,23.78,25.76,6.390000000000001,22.87495112980856,1.5207998052174059,2.3128320475493,1.5652702702702719,-0.46304604213608347,-0.31189642013442676,525.5603799232849,12125.626410903395,21.11,21.11,22.22,22.22,22.22,1.1099999999999994,21.794962499999997,0.5409650809375013,0.2926432187937173,1.1099999999999994,-0.4780071570686822,-1.7806079754624617,475.311525125,10372.011734573747,,,,,,,,,,,,,,,,,,,,,,,,,,,,,,,,,,
timeseries_table_timeseries_table (6),2026-02-12,4.205277777777778,1.7033333333333334,18.09138888888889,0.0,5.908611111111111,5.908611111111111,0.24619212962962964,1,24,0,22.34920709171612,22.162173611111108,,,-0.18703348060501312,3,0,2,0.8660254037844386,0.5000000000000001,20.57,21.983328814266347,22.37,22.9,23.52,2.9499999999999993,22.349207091716114,0.6776720971005562,0.4592394711886657,0.9166711857336516,-0.7263752292888326,0.1051224677815874,499.94436752199294,11193.575173141866,21.67,22.22,22.22,22.22,22.22,0.5499999999999972,22.162173611111108,0.16902077154287315,0.028568021212948116,0.0,-2.5601252081516073,4.5714694027108465,491.19039979166655,10887.096053021527,,,,,,,,,,,,,,,,,,,,,,,,,,,,,,,,,,
timeseries_table_timeseries_table (6),2026-02-13,5.119722222222222,6.154722222222222,11.461388888888889,1.2641666666666667,11.274444444444445,11.274444444444445,0.4958887707852265,1,24,0,22.72761302882886,21.526044964779228,,,-1.2015680640496313,4,0,2,0.8660254037844386,0.5000000000000001,21.47,21.981719590859292,22.31,22.893269827806805,26.59,5.120000000000001,22.727613028828856,1.2248475368155405,1.5002514884430966,0.9115502369475124,1.5053787845327764,1.2473729961514097,518.0397586639684,11844.545560792321,21.11,21.11,21.67,21.67,21.67,0.5600000000000023,21.526044964779228,0.24512362605163002,0.06008559204869935,0.5600000000000023,-1.1064303530298694,-0.7782913070992756,463.43050359325525,9978.388028214835,,,,,,,,,,,,,,,,,,,,,,,,,,,,,,,,,,
timeseries_table_timeseries_table (6),2026-02-14,3.1855555555555557,0.0,20.774444444444445,0.04,3.1855555555555557,3.1855555555555557,0.1329530699313671,0,24,0,22.593208703384196,21.11,,,-1.4832087033841965,5,1,2,0.8660254037844386,0.5000000000000001,21.56,22.021042382588774,22.33,23.184230154501865,25.17,3.610000000000003,22.593208703384192,0.7454210176049604,0.5556524934872147,1.1631877719130905,0.8668196103320731,-0.12478930687137124,511.0059812532442,11570.60746426544,21.11,21.11,21.11,21.11,21.11,0.0,21.11,0.0,0.0,0.0,,,445.6320999999999,9407.293630999997,,,,,,,,,,,,,,,,,,,,,,,,,,,,,,,,,,
timeseries_table_timeseries_table (6),2026-02-15,1.716388888888889,0.0,21.85861111111111,0.425,1.716388888888889,1.716388888888889,0.07280546718510664,0,24,0,22.912286525479153,21.11,,,-1.802286525479154,6,1,2,0.8660254037844386,0.5000000000000001,21.45,22.234156856230285,22.709864922459406,23.282653172454705,25.72,4.27,22.91228652547915,0.9573690833593682,0.9165555617723569,1.0484963162244192,1.143009711274566,0.9947006777353056,525.8849143353976,12092.022674043372,21.11,21.11,21.11,21.11,21.11,0.0,21.109999999999996,3.560564989323724e-15,1.2677623043197852e-29,0.0,0.993399353292054,-2.008791166139455,445.6320999999999,9407.293630999999,,,,,,,,,,,,,,,,,,,,,,,,,,,,,,,,,,
timeseries_table_timeseries_table (6),2026-02-16,3.4322222222222223,0.0,16.78527777777778,3.7825,3.4322222222222223,3.4322222222222223,0.16976491763186458,0,24,0,22.465365193218503,21.110000000000003,,,-1.3553651932184998,0,0,2,0.8660254037844386,0.5000000000000001,21.43,21.99,22.330730593607303,23.101603982300883,23.75,2.3200000000000003,22.465365193218506,0.6501216142383462,0.422658113299873,1.1116039823008848,0.43849459451856804,-1.0357463223931938,505.1128623083567,11366.546602594282,21.11,21.11,21.11,21.11,21.11,0.0,21.11,0.0,0.0,0.0,,,445.6320999999999,9407.293630999999,,,,,,,,,,,,,,,,,,,,,,,,,,,,,,,,,,
timeseries_table_timeseries_table (6),2026-02-17,2.5702777777777777,0.0,20.775277777777777,0.6544444444444445,2.5702777777777777,2.5702777777777777,0.11009709199942887,0,24,0,22.73327221813691,21.109999999999996,,,-1.6232722181369148,1,0,2,0.8660254037844386,0.5000000000000001,21.61,22.02,22.56101714409722,23.33899416909621,24.49,2.879999999999999,22.733272218136907,0.8036628906754433,0.6458740418488095,1.3189941690962108,0.5934281709755669,-0.8510806209241508,517.4445075132672,11792.742668743882,21.11,21.11,21.11,21.11,21.11,0.0,21.11,0.0,0.0,0.0,,,445.63210000000004,9407.293631,,,,,,,,,,,,,,,,,,,,,,,,,,,,,,,,,,
timeseries_table_timeseries_table (6),2026-02-18,0.5005555555555555,4.288611111111111,18.218611111111112,0.9922222222222222,4.789166666666667,4.789166666666667,0.20815424735596658,2,24,0,21.59266387656779,21.29800130381244,,,-0.29466257275534957,2,0,2,0.8660254037844386,0.5000000000000001,19.83,21.09866177271857,21.567766043066207,22.31,22.81,2.9800000000000004,21.59266387656779,0.773884292011322,0.5988968974218651,1.211338227281427,-0.40568782118758334,-0.8335772884097876,466.83677670230105,10105.698263101445,21.11,21.11,21.11,21.11,22.22,1.1099999999999994,21.29800130381244,0.3862941794884494,0.14922319310665436,0.0,1.7298018428204074,1.2878220338437014,453.75331748315904,9670.462175204433,,,,,,,,,,,,,,,,,,,,,,,,,,,,,,,,,,
timeseries_table_timeseries_table (6),2026-02-19,1.6613888888888888,3.6419444444444444,15.841666666666667,2.855,5.303333333333333,5.303333333333334,0.2508079136123591,0,24,0,23.32338834765209,22.22,,,-1.1033883476520927,3,0,2,0.8660254037844386,0.5000000000000001,21.26,22.17,22.98323151125402,24.440235693520382,26.64,5.379999999999999,23.323388347652088,1.469165499383065,2.1584472645774904,2.2702356935203802,0.6385299684402832,-0.7498110891947083,546.1259664460513,12839.614560636906,22.22,22.22,22.22,22.22,22.22,0.0,22.22,0.0,0.0,0.0,,,493.7283999999999,10970.645047999997,,,,,,,,,,,,,,,,,,,,,,,,,,,,,,,,,,
timeseries_table_timeseries_table (6),2026-02-20,3.435277777777778,1.2097222222222221,19.348333333333333,0.006666666666666667,4.645,4.645,0.19359544317866073,1,24,0,20.439454718015313,21.681941294674896,,,1.2424865766595836,4,0,2,0.8660254037844386,0.5000000000000001,16.71,20.032700534759357,20.83,21.228161277141773,21.96,5.25,20.439454718015316,1.3046684541385394,1.7021597752242459,1.1954607423824157,-1.338807713367198,0.9125670328461579,419.46327637151825,8639.7932544714,21.11,21.11,22.22,22.22,22.22,1.1099999999999994,21.681941294674896,0.5560669232394861,0.30921042312102853,1.1099999999999994,-0.060642419602616224,-2.00580603502319,470.4143162982632,10212.8298773701,,,,,,,,,,,,,,,,,,,,,,,,,,,,,,,,,,
timeseries_table_timeseries_table (6),2026-02-21,13.197222222222223,0.0,10.802777777777777,0.0,13.197222222222223,13.197222222222223,0.5498842592592593,0,25,0,20.839275360066676,21.11,,,0.27072463993332363,5,1,2,0.8660254037844386,0.5000000000000001,20.25,20.582976449665104,20.790438013771347,21.007601859231617,22.14,1.8900000000000006,20.839275360066676,0.3102028710339105,0.09622582119768089,0.42462540956651296,1.2368405553262973,2.772764411897045,434.3714061398366,9056.02375979458,21.11,21.11,21.11,21.11,21.11,0.0,21.110000000000003,3.5567303151073905e-15,1.2650330534403918e-29,0.0,-0.9966159070425995,-2.0045095771188643,445.63210000000004,9407.293630999995,,,,,,,,,,,,,,,,,,,,,,,,,,,,,,,,,,
timeseries_table_timeseries_table (6),2026-02-22,14.359444444444444,0.0,8.854444444444445,0.7861111111111111,14.359444444444444,14.359444444444444,0.6185712576283355,3,24,0,20.76289953616641,21.379687090688424,,,0.6167875545220127,6,1,2,0.8660254037844386,0.5000000000000001,18.31,20.070097330367076,20.68,21.300433697924486,23.51,5.200000000000003,20.762899536166415,1.1374973381382867,1.2939001942716877,1.2303363675574097,0.29832545588910203,-0.12136394357811886,432.38919609019604,9031.710584542103,21.11,21.11,21.11,21.11,22.22,1.1099999999999994,21.37968709068842,0.47653040025580096,0.2270812223679539,0.0,1.1950354170988964,-0.5730380629850442,457.31764163952937,9787.127590796716,,,,,,,,,,,,,,,,,,,,,,,,,,,,,,,,,,
timeseries_table_timeseries_table (6),2026-02-23,16.423055555555557,0.0,7.0808333333333335,0.4961111111111111,16.423055555555557,16.423055555555557,0.6987377975275959,0,24,0,21.42738759986691,22.22,,,0.7926124001330876,0,0,2,0.8660254037844386,0.5000000000000001,19.77,20.91,21.55,21.96339048661802,23.12,3.3500000000000014,21.427387599866908,0.7045329444499988,0.4963666698153852,1.0533904866180208,-0.41724374964278316,-0.7531362593711499,459.62839190564836,9869.72230002616,22.22,22.22,22.22,22.22,22.22,0.0,22.22,0.0,0.0,0.0,,,493.7284,10970.645048,,,,,,,,,,,,,,,,,,,,,,,,,,,,,,,,,,
timeseries_table_timeseries_table (6),2026-02-24,17.022222222222222,0.0,6.977777777777778,0.0,17.022222222222222,17.022222222222222,0.7092592592592593,1,24,0,21.954954471176517,22.74245277777778,,,0.7874983066012611,1,0,2,0.8660254037844386,0.5000000000000001,20.01,21.291581476840815,21.96,22.59,24.25,4.239999999999998,21.95495447117652,0.8966415233149709,0.8039660213325915,1.2984185231591852,0.14552017407322856,-0.42848787521602105,482.82262688498815,10635.695831121024,22.22,22.78,22.78,22.78,22.78,0.5600000000000023,22.742452777777775,0.1401776971628268,0.01964978678187318,0.0,-3.4533870181071236,9.94265713006582,517.2387749999999,11764.161164547782,,,,,,,,,,,,,,,,,,,,,,,,,,,,,,,,,,
timeseries_table_timeseries_table (6),2026-02-25,11.289166666666667,0.2611111111111111,11.859444444444444,0.5902777777777778,11.550277777777778,11.550277777777778,0.4933966182141798,2,24,0,21.920788435161878,22.577100540921922,,,0.6563121057600441,2,0,2,0.8660254037844386,0.5000000000000001,20.54,21.41608695652174,21.924247953423045,22.416147116276814,23.18,2.6400000000000006,21.920788435161874,0.6288215233560823,0.39541650823586405,1.0000601597550727,0.04940579888977234,-0.7523802161669395,480.9154384125457,10559.352174515046,21.67,22.22,22.78,22.78,22.78,1.1099999999999994,22.577100540921922,0.27191841928222193,0.07393962674494226,0.5600000000000023,-0.6250516518075699,-1.4701432553423492,509.79923809383826,11513.10707907687,,,,,,,,,,,,,,,,,,,,,,,,,,,,,,,,,,
timeseries_table_timeseries_table (6),2026-02-26,1.353888888888889,0.0,21.105555555555554,1.5405555555555555,1.353888888888889,1.353888888888889,0.06028149504044327,0,24,0,21.484386163807514,22.22,,,0.7356138361924849,3,0,2,0.8660254037844386,0.5000000000000001,17.85,20.8659756097561,21.544704667303176,22.60670124481328,24.21,6.359999999999999,21.484386163807518,1.5961471978441881,2.547685877185854,1.7407256350571814,-0.49184797591369694,-0.23681902884607897,464.10766296555136,10077.728200562326,22.22,22.22,22.22,22.22,22.22,0.0,22.220000000000002,3.5619535219180786e-15,1.2687512892304606e-29,0.0,-0.9922380553696759,-2.010335847942226,493.7283999999999,10970.645047999998,,,,,,,,,,,,,,,,,,,,,,,,,,,,,,,,,,
timeseries_table_timeseries_table (6),2026-02-27,4.392222222222222,0.0,12.46888888888889,0.024722222222222222,4.392222222222222,4.392222222222222,0.26049423393739707,0,17,0,21.627491738697504,22.22,,,0.5925082613024948,4,0,2,0.8660254037844386,0.5000000000000001,21.25,21.341476789827876,21.488502602416837,21.85,22.7,1.4499999999999993,21.627491738697508,0.36196164823377497,0.13101623479211105,0.5085232101721253,1.091791667219075,0.2652291765241781,467.8787567691819,10124.73434976878,22.22,22.22,22.22,22.22,22.22,0.0,22.22,0.0,0.0,0.0,,,493.72839999999997,10970.645047999998,,,,,,,,,,,,,,,,,,,,,,,,,,,,,,,,,,
